Temperature (T),v_region_1
280.0,2.8212265590354946e-06
280.45112781954884,2.8217854151080246e-06
280.90225563909775,2.822341414798757e-06
281.3533834586466,2.822897414489489e-06
281.8045112781955,2.8234533999693667e-06
282.25563909774434,2.8240094138709537e-06
282.70676691729324,2.8245653993508313e-06
283.1578947368421,2.825121384830709e-06
283.609022556391,2.825677398732296e-06
284.0601503759398,2.826233398423028e-06
284.5112781954887,2.8267893839029057e-06
284.9624060150376,2.827345383593638e-06
285.4135338345865,2.8279013832843702e-06
285.8646616541353,2.8284573829751025e-06
286.3157894736842,2.829013382665835e-06
286.76691729323306,2.829569382356567e-06
287.21804511278197,2.8301253678364446e-06
287.6691729323308,2.830681367527177e-06
288.1203007518797,2.831237367217909e-06
288.57142857142856,2.8317933669086415e-06
289.02255639097746,2.8323493665993738e-06
289.4736842105263,2.8329053520792513e-06
289.9248120300752,2.8334613659808383e-06
290.37593984962405,2.834017351460716e-06
290.82706766917295,2.8345733369405934e-06
291.2781954887218,2.8351293508421804e-06
291.7293233082707,2.8356853505329127e-06
292.18045112781954,2.8362413360127903e-06
292.63157894736844,2.8367973357035225e-06
293.0827067669173,2.8373533496051095e-06
293.5338345864662,2.837909335084987e-06
293.98496240601503,2.8384653347757194e-06
294.43609022556393,2.8390213344664517e-06
294.8872180451128,2.8395773199463292e-06
295.3383458646617,2.8401333196370615e-06
295.7894736842105,2.8406893193277938e-06
296.2406015037594,2.8412453048076713e-06
296.69172932330827,2.8418013187092583e-06
297.14285714285717,2.8423573183999906e-06
297.593984962406,2.842913318090723e-06
298.0451127819549,2.8434693035706005e-06
298.49624060150376,2.8440253174721875e-06
298.9473684210526,2.844581302952065e-06
299.3984962406015,2.8451373026427973e-06
299.8496240601504,2.8456933023335296e-06
300.30075187969925,2.846249287813407e-06
300.7518796992481,2.846805301714994e-06
301.203007518797,2.8473612871948717e-06
301.65413533834584,2.847917286885604e-06
302.10526315789474,2.8484732865763362e-06
302.5563909774436,2.849029272056214e-06
303.0075187969925,2.849585285957801e-06
303.45864661654133,2.850141285648533e-06
303.90977443609023,2.8506972853392654e-06
304.3609022556391,2.851253270819143e-06
304.812030075188,2.851809270509875e-06
305.2631578947368,2.8523652702006075e-06
305.7142857142857,2.852921255680485e-06
306.16541353383457,2.853477269582072e-06
306.61654135338347,2.8540332550619496e-06
307.0676691729323,2.8545892689635366e-06
307.5187969924812,2.855145254443414e-06
307.96992481203006,2.8557012541341464e-06
308.42105263157896,2.8562572538248787e-06
308.8721804511278,2.856813253515611e-06
309.3233082706767,2.8573692532063433e-06
309.77443609022555,2.857925238686221e-06
310.22556390977445,2.858481252587808e-06
310.6766917293233,2.8590372380676854e-06
311.1278195488722,2.859593223547563e-06
311.57894736842104,2.86014923744915e-06
312.03007518796994,2.8607052229290275e-06
312.4812030075188,2.86126122261976e-06
312.9323308270677,2.861817222310492e-06
313.38345864661653,2.862373236212079e-06
313.83458646616543,2.8629292216919566e-06
314.2857142857143,2.863485221382689e-06
314.7368421052632,2.864041221073421e-06
315.187969924812,2.8645972065532987e-06
315.6390977443609,2.865153206244031e-06
316.09022556390977,2.8657092059347633e-06
316.5413533834586,2.866265191414641e-06
316.9924812030075,2.866821205316228e-06
317.4436090225564,2.8673771907961054e-06
317.89473684210526,2.8679331904868377e-06
318.3458646616541,2.86848919017757e-06
318.796992481203,2.869045204079157e-06
319.2481203007519,2.8696011895590345e-06
319.69924812030075,2.870157175038912e-06
320.1503759398496,2.8707131747296444e-06
320.6015037593985,2.8712691744203767e-06
321.05263157894734,2.8718251883219637e-06
321.50375939849624,2.8723811738018412e-06
321.9548872180451,2.8729371592817188e-06
322.406015037594,2.8734931731833058e-06
322.85714285714283,2.8740491586631833e-06
323.30827067669173,2.8746051725647703e-06
323.7593984962406,2.875161158044648e-06
324.2105263157895,2.875717171946235e-06
324.6616541353383,2.8762731574261124e-06
325.1127819548872,2.87682914290599e-06
325.56390977443607,2.877385156807577e-06
326.01503759398497,2.8779411422874546e-06
326.4661654135338,2.878497141978187e-06
326.9172932330827,2.879053141668919e-06
327.36842105263156,2.8796091413596514e-06
327.81954887218046,2.8801651410503837e-06
328.2706766917293,2.880721140741116e-06
328.7218045112782,2.8812771262209935e-06
329.17293233082705,2.881833125911726e-06
329.62406015037595,2.882389125602458e-06
330.0751879699248,2.8829451252931904e-06
330.5263157894737,2.883501110773068e-06
330.97744360902254,2.884057124674655e-06
331.42857142857144,2.8846131101545325e-06
331.8796992481203,2.8851691240561195e-06
332.3308270676692,2.885725109535997e-06
332.78195488721803,2.8862811092267293e-06
333.23308270676694,2.8868371089174616e-06
333.6842105263158,2.887393094397339e-06
334.1353383458647,2.887949108298926e-06
334.5864661654135,2.8885050937788037e-06
335.0375939849624,2.889061093469536e-06
335.4887218045113,2.8896170931602683e-06
335.9398496240601,2.890173078640146e-06
336.390977443609,2.890729092541733e-06
336.8421052631579,2.8912850780216104e-06
337.29323308270676,2.8918410777123427e-06
337.7443609022556,2.892397077403075e-06
338.1954887218045,2.892953091304662e-06
338.6466165413534,2.8935090767845395e-06
339.09774436090225,2.894065062264417e-06
339.5488721804511,2.894621076166004e-06
340.0,2.8951770616458816e-06
340.45112781954884,2.895733061336614e-06
340.90225563909775,2.896289061027346e-06
341.3533834586466,2.8968450607180785e-06
341.8045112781955,2.8974010604088107e-06
342.25563909774434,2.8979570458886883e-06
342.70676691729324,2.8985130597902753e-06
343.1578947368421,2.899069045270153e-06
343.609022556391,2.899625044960885e-06
344.0601503759398,2.9001810446516174e-06
344.5112781954887,2.900737030131495e-06
344.9624060150376,2.901293044033082e-06
345.4135338345865,2.9018490295129595e-06
345.8646616541353,2.902405029203692e-06
346.3157894736842,2.902961028894424e-06
346.76691729323306,2.9035170143743017e-06
347.21804511278197,2.9040730282758886e-06
347.6691729323308,2.904629013755766e-06
348.1203007518797,2.905185027657353e-06
348.57142857142856,2.9057410131372308e-06
349.02255639097746,2.906297012827963e-06
349.4736842105263,2.9068529983078406e-06
349.9248120300752,2.907408997998573e-06
350.37593984962405,2.90796501190016e-06
350.82706766917295,2.9085209973800374e-06
351.2781954887218,2.9090769970707697e-06
351.7293233082707,2.909632996761502e-06
352.18045112781954,2.9101889822413796e-06
352.63157894736844,2.9107449961429666e-06
353.0827067669173,2.911300981622844e-06
353.5338345864661,2.9118569813135764e-06
353.98496240601503,2.9124129810043087e-06
354.43609022556393,2.912968980695041e-06
354.8872180451128,2.9135249803857732e-06
355.3383458646616,2.914080965865651e-06
355.7894736842105,2.914636979767238e-06
356.2406015037594,2.91519297945797e-06
356.69172932330827,2.9157489649378476e-06
357.1428571428571,2.91630496462858e-06
357.593984962406,2.916860964319312e-06
358.0451127819549,2.9174169640100445e-06
358.49624060150376,2.917972949489922e-06
358.9473684210526,2.9185289491806543e-06
359.3984962406015,2.919082533026085e-06
359.8496240601504,2.919486647101621e-06
360.30075187969925,2.9196263824360358e-06
360.7518796992481,2.9197661177704504e-06
361.203007518797,2.919905853104865e-06
361.6541353383459,2.9200456026501342e-06
362.10526315789474,2.920185337984549e-06
362.5563909774436,2.920344655876761e-06
363.0075187969925,2.9205084501882084e-06
363.45864661654133,2.920672244499656e-06
363.90977443609023,2.9208360246002485e-06
364.3609022556391,2.920999818911696e-06
364.812030075188,2.9211636132231433e-06
365.2631578947368,2.921327393323736e-06
365.7142857142857,2.9214911876351835e-06
366.16541353383457,2.9215905783530616e-06
366.61654135338347,2.9216844268376008e-06
367.0676691729323,2.92177827532214e-06
367.5187969924812,2.921872138017534e-06
367.96992481203006,2.921965986502073e-06
368.42105263157896,2.9220598349866123e-06
368.8721804511278,2.922153697682006e-06
369.3233082706767,2.9222475319556906e-06
369.77443609022555,2.9223436541769843e-06
370.22556390977445,2.9224399042959703e-06
370.6766917293233,2.922536168625811e-06
371.1278195488722,2.922632432955652e-06
371.57894736842104,2.9227286972854927e-06
372.03007518796994,2.922824933193624e-06
372.4812030075188,2.922921197523465e-06
372.93233082706763,2.9230174618533056e-06
373.38345864661653,2.9231137261831464e-06
373.83458646616543,2.9232099763021324e-06
374.2857142857143,2.923306240631973e-06
374.7368421052631,2.9234024907509593e-06
375.187969924812,2.9234987550808e-06
375.6390977443609,2.923595005199786e-06
376.09022556390977,2.923691255318772e-06
376.5413533834586,2.923787519648613e-06
376.9924812030075,2.9238837839784537e-06
377.4436090225564,2.9239800340974398e-06
377.89473684210526,2.9240762984272806e-06
378.3458646616541,2.9241725485462666e-06
378.796992481203,2.9242688128761074e-06
379.2481203007519,2.924365077205948e-06
379.69924812030075,2.9244613273249342e-06
380.1503759398496,2.9245575774439203e-06
380.6015037593985,2.924653841773761e-06
381.0526315789474,2.924750106103602e-06
381.50375939849624,2.924846356222588e-06
381.9548872180451,2.924942606341574e-06
382.406015037594,2.9250388706714148e-06
382.85714285714283,2.9251351350012555e-06
383.30827067669173,2.9252516924316296e-06
383.7593984962406,2.9253937015027986e-06
384.2105263157895,2.9255357105739677e-06
384.6616541353383,2.925677705434282e-06
385.1127819548872,2.925819714505451e-06
385.56390977443607,2.9259617093657653e-06
386.01503759398497,2.9261037184369343e-06
386.4661654135338,2.9262457132972486e-06
386.9172932330827,2.9263877223684176e-06
387.36842105263156,2.9265297314395866e-06
387.81954887218046,2.926671726299901e-06
388.2706766917293,2.926813721160215e-06
388.7218045112782,2.9269557302313842e-06
389.17293233082705,2.9270977393025532e-06
389.62406015037595,2.9272397483737223e-06
390.0751879699248,2.9273817432340365e-06
390.5263157894737,2.927523738094351e-06
390.97744360902254,2.92766574716552e-06
391.42857142857144,2.927807742025834e-06
391.8796992481203,2.927949751097003e-06
392.33082706766913,2.928091760168172e-06
392.78195488721803,2.9282337550284865e-06
393.23308270676694,2.9283757640996555e-06
393.6842105263158,2.9285177731708245e-06
394.1353383458646,2.928659768031139e-06
394.5864661654135,2.928801762891453e-06
395.0375939849624,2.928943786173477e-06
395.4887218045113,2.929085781033791e-06
395.9398496240601,2.9292277758941054e-06
396.390977443609,2.9293697849652744e-06
396.8421052631579,2.9295117798255887e-06
397.29323308270676,2.9296537888967578e-06
397.7443609022556,2.929795783757072e-06
398.1954887218045,2.929937792828241e-06
398.6466165413534,2.93007980189941e-06
399.09774436090225,2.9302217967597244e-06
399.5488721804511,2.9303638058308934e-06
400.0,2.9305058006912077e-06
400.45112781954884,2.9306478097623767e-06
400.90225563909775,2.930789804622691e-06
401.3533834586466,2.93093181369386e-06
401.8045112781955,2.931073822765029e-06
402.25563909774434,2.9312158176253433e-06
402.70676691729324,2.9313578124856576e-06
403.1578947368421,2.9314998357676814e-06
403.609022556391,2.9316418306279957e-06
404.0601503759398,2.93178382548831e-06
404.5112781954887,2.931925834559479e-06
404.9624060150376,2.9320678294197933e-06
405.4135338345865,2.9322098384909623e-06
405.8646616541353,2.9323518333512766e-06
406.3157894736842,2.9324938424224456e-06
406.76691729323306,2.9326358514936146e-06
407.21804511278197,2.932777846353929e-06
407.6691729323308,2.932919841214243e-06
408.12030075187965,2.9330618502854122e-06
408.57142857142856,2.9332038593565812e-06
409.02255639097746,2.9333458542168955e-06
409.4736842105263,2.9334878632880645e-06
409.92481203007515,2.9336298723592336e-06
410.37593984962405,2.933771867219548e-06
410.82706766917295,2.933913862079862e-06
411.2781954887218,2.934055871151031e-06
411.72932330827064,2.9341978802222e-06
412.18045112781954,2.9343398750825145e-06
412.63157894736844,2.9344818841536835e-06
413.0827067669173,2.9346238932248525e-06
413.5338345864661,2.934765888085167e-06
413.98496240601503,2.934907882945481e-06
414.43609022556393,2.93504989201665e-06
414.8872180451128,2.935191901087819e-06
415.3383458646616,2.9353338959481334e-06
415.7894736842105,2.9354758908084477e-06
416.2406015037594,2.9356178998796167e-06
416.69172932330827,2.9357599089507858e-06
417.1428571428571,2.9359019038111e-06
417.593984962406,2.9360438986714144e-06
418.0451127819549,2.936185921953438e-06
418.49624060150376,2.9363279168137524e-06
418.9473684210526,2.9364699116740667e-06
419.3984962406015,2.9366119349560904e-06
419.8496240601504,2.9367539298164047e-06
420.30075187969925,2.936895924676719e-06
420.7518796992481,2.937037933747888e-06
421.203007518797,2.9371799286082023e-06
421.6541353383459,2.9373219376793713e-06
422.10526315789474,2.9374639325396856e-06
422.5563909774436,2.9376059416108546e-06
423.0075187969925,2.9377479506820237e-06
423.4586466165414,2.937889945542338e-06
423.90977443609023,2.938031954613507e-06
424.3609022556391,2.9381739494738213e-06
424.812030075188,2.9383159585449903e-06
425.2631578947368,2.9384579534053046e-06
425.71428571428567,2.9385999624764736e-06
426.16541353383457,2.9387419715476426e-06
426.61654135338347,2.938883966407957e-06
427.0676691729323,2.939025975479126e-06
427.51879699248116,2.9391679703394402e-06
427.96992481203006,2.9393099794106092e-06
428.42105263157896,2.9394519742709235e-06
428.8721804511278,2.9395939833420925e-06
429.32330827067665,2.9397359924132616e-06
429.77443609022555,2.939877987273576e-06
430.22556390977445,2.94001998213389e-06
430.6766917293233,2.940161991205059e-06
431.12781954887214,2.940304000276228e-06
431.57894736842104,2.9404459951365425e-06
432.03007518796994,2.9405879899968568e-06
432.4812030075188,2.9407300132788805e-06
432.93233082706763,2.940872008139195e-06
433.38345864661653,2.941014002999509e-06
433.83458646616543,2.941156012070678e-06
434.2857142857143,2.941298021141847e-06
434.7368421052631,2.9414400160021614e-06
435.187969924812,2.9415820108624757e-06
435.6390977443609,2.9417240199336447e-06
436.09022556390977,2.9418660290048138e-06
436.5413533834586,2.942008023865128e-06
436.9924812030075,2.942150032936297e-06
437.4436090225564,2.942292042007466e-06
437.89473684210526,2.9424340368677804e-06
438.3458646616541,2.9425760317280947e-06
438.796992481203,2.942718026588409e-06
439.2481203007519,2.9428600498704327e-06
439.69924812030075,2.943002044730747e-06
440.1503759398496,2.9431440395910613e-06
440.6015037593985,2.943286062873085e-06
441.0526315789474,2.9434280577333993e-06
441.50375939849624,2.9435700525937136e-06
441.9548872180451,2.9437120616648826e-06
442.406015037594,2.9438540707360517e-06
442.8571428571429,2.943996065596366e-06
443.30827067669173,2.944138074667535e-06
443.7593984962406,2.9442800695278493e-06
444.2105263157895,2.9444220785990183e-06
444.6616541353383,2.9445640734593326e-06
445.11278195488717,2.9447060825305016e-06
445.56390977443607,2.944848077390816e-06
446.01503759398497,2.944990086461985e-06
446.4661654135338,2.945132081322299e-06
446.91729323308266,2.9452740903934682e-06
447.36842105263156,2.9454160994646372e-06
447.81954887218046,2.9455580943249515e-06
448.2706766917293,2.9457001033961205e-06
448.72180451127815,2.945842098256435e-06
449.17293233082705,2.945984107327604e-06
449.62406015037595,2.946126102187918e-06
450.0751879699248,2.946268111259087e-06
450.52631578947364,2.946410120330256e-06
450.97744360902254,2.9465521151905705e-06
451.42857142857144,2.9466941242617395e-06
451.8796992481203,2.9468361191220538e-06
452.33082706766913,2.946978128193223e-06
452.78195488721803,2.947120123053537e-06
453.23308270676694,2.947262132124706e-06
453.6842105263158,2.947404141195875e-06
454.1353383458646,2.9475461360561894e-06
454.5864661654135,2.9476881309165037e-06
455.0375939849624,2.9478301399876727e-06
455.4887218045113,2.947972134847987e-06
455.9398496240601,2.948114143919156e-06
456.390977443609,2.9482561387794703e-06
456.8421052631579,2.948398162061494e-06
457.29323308270676,2.9485401569218084e-06
457.7443609022556,2.9486821517821227e-06
458.1954887218045,2.9488241608532917e-06
458.6466165413534,2.948966155713606e-06
459.09774436090225,2.949108164784775e-06
459.5488721804511,2.9492501596450893e-06
460.0,2.9493921687162583e-06
