region_id,T_low,T_high,Tss,Cass,Cbss,Ccss,fss,aT,aCa,aCb
0,280.0,291.25,285.625,0.9867565086599022,1.9735130173198043,0.03973047402029366,-7.968885967768458e-18,-0.0017586570281610235,-1.0158553659884766,-0.015855365988476495
1,291.25,296.875,294.0625,0.963800341264683,1.927600682529366,0.10859897620595116,-2.1358782797964437e-17,-0.00454095631293544,-1.0444042325828569,-0.044404232582856897
2,296.875,302.5,299.6875,0.935035078116819,1.870070156233638,0.19489476564954317,2.5587171270657905e-17,-0.007859898146020556,-1.0832176804721647,-0.08321768047216467
3,302.5,308.125,305.3125,0.8928224509338974,1.785644901867795,0.32153264719830754,5.898059818321144e-17,-0.012531721793928677,-1.1479831404598237,-0.1479831404598237
4,308.125,313.75,310.9375,0.8385583823385493,1.6771167646770986,0.4843248529843521,4.85722573273506e-17,-0.018294869755891174,-1.2498339005386596,-0.24983390053865964
5,313.75,325.0,319.375,0.7461866431808629,1.4923732863617258,0.7614400704574112,4.163336342344337e-17,-0.027675561601244396,-1.506396141292933,-0.5063961412929329
6,325.0,327.8125,326.40625,0.6728903785248503,1.3457807570497007,0.9813288644254489,2.7755575615628914e-17,-0.034980475705995856,-1.8732266079182713,-0.8732266079182713
7,327.8125,330.625,329.21875,0.6467941444185656,1.2935882888371313,1.059617566744303,-2.220446049250313e-16,-0.03765884310880278,-2.0804871309123945,-1.0804871309123942
8,330.625,336.25,333.4375,0.612010013947254,1.224020027894508,1.1639699581582381,5.551115123125783e-17,-0.04146863543423766,-2.484764488616761,-1.484764488616761
9,336.25,339.0625,337.65625,0.5826172681732814,1.1652345363465628,1.2521481954801559,-2.220446049250313e-16,-0.045183754102483216,-3.0405374320058343,-2.040537432005835
10,339.0625,341.875,340.46875,0.5658796381618778,1.1317592763237556,1.3023610855143666,0.0,-0.04773061612349294,-3.5238021928993652,-2.5238021928993652
11,341.875,344.6875,343.28125,0.5512261167034825,1.102452233406965,1.3463216498895525,0.0,-0.05044159858878469,-4.123001739710945,-3.1230017397109457
12,344.6875,347.5,346.09375,0.5384403484302142,1.0768806968604283,1.3846789547093574,8.881784197001252e-16,-0.053424661996641976,-4.865581865100468,-3.8655818651004688
13,347.5,350.3125,348.90625,0.5272928637147043,1.0545857274294086,1.4181214088558871,0.0,-0.056801192178281,-5.784727078172758,-4.784727078172757
14,350.3125,351.71875,351.015625,0.5198710835596685,1.0397421671193368,1.4403867493209948,-2.220446049250313e-16,-0.05967281057559404,-6.613700903518042,-5.613700903518043
15,351.71875,353.125,352.421875,0.5153197311993927,1.0306394623987853,1.454040806401822,-1.3322676295501878e-15,-0.061783267427266864,-7.243549669804871,-6.243549669804871
16,353.125,355.9375,354.53125,0.5090246117833821,1.018049223566764,1.472926164649854,-8.881784197001252e-16,-0.06529308209593473,-8.320461356858626,-7.320461356858627
17,355.9375,358.75,357.34375,0.5015033174788087,1.0030066349576177,1.4954900475635735,2.220446049250313e-15,-0.0707299509694635,-10.042208498647838,-9.042208498647836
18,358.75,360.15625,359.453125,0.49642581911111056,0.9928516382222218,1.5107225426666675,0.0,-0.0754800814313627,-11.585181391004514,-10.585181391004511
19,360.15625,361.5625,360.859375,0.49327452258515425,0.9865490451703082,1.5201764322445375,0.0,-0.07901623117143658,-12.751834352361819,-11.751834352361822
20,361.5625,364.375,362.96875,0.4888574209612285,0.9777148419224581,1.5334277371163134,8.881784197001252e-16,-0.08494658045129277,-14.736323978645817,-13.736323978645807
21,364.375,365.78125,365.078125,0.4847688788215293,0.9695377576430586,1.5456933635354122,0.0,-0.0917226864070051,-17.03927647377566,-16.03927647377566
22,365.78125,367.1875,366.484375,0.48220430729364,0.9644086145872802,1.5533870781190797,0.0,-0.09676682830780364,-18.774337911404757,-17.774337911404753
23,367.1875,370.0,368.59375,0.47857097002441773,0.9571419400488357,1.5642870899267467,0.0,-0.10521645921918787,-21.714915320334033,-20.71491532033403
24,370.0,371.40625,370.703125,0.47516431171933604,0.9503286234386717,1.574507064841992,1.7763568394002505e-15,-0.11484872750417086,-25.112528029140023,-24.11252802914003
25,371.40625,372.8125,372.109375,0.4730046500130161,0.9460093000260322,1.5809860499609518,1.7763568394002505e-15,-0.12200114735517631,-27.66311267417944,-26.663112674179438
26,372.8125,374.21875,373.515625,0.4709252115742123,0.9418504231484264,1.5872243652773612,5.329070518200751e-15,-0.12979440716244972,-30.46652490707196,-29.466524907071914
27,374.21875,375.625,374.921875,0.46891917513139436,0.9378383502627877,1.5932424746058178,-3.552713678800501e-15,-0.13828025660497512,-33.545625677836945,-32.545625677836966
28,375.625,378.4375,377.03125,0.46603445334226357,0.9320689066845257,1.6018966399732106,-1.7763568394002505e-15,-0.1524294343637591,-38.73578955934116,-37.7357895593412
29,378.4375,379.84375,379.140625,0.46328289651948357,0.9265657930389659,1.6101513104415506,-3.552713678800501e-15,-0.1684642054735923,-44.69423943986196,-43.69423943986201
30,379.84375,381.25,380.546875,0.4615146799327976,0.9230293598656013,1.615455960201601,3.552713678800501e-15,-0.1803106062367965,-49.143760631650444,-48.143760631650196
31,381.25,384.0625,382.65625,0.458951409433142,0.9179028188662833,1.6231457717005748,0.0,-0.19999344408443265,-56.617712924387185,-55.61771292438722
32,384.0625,386.875,385.46875,0.4556816344558774,0.9113632689117597,1.632955096632363,-3.552713678800501e-15,-0.2302203957497,-68.272629844417,-67.27262984441671
33,386.875,388.28125,387.578125,0.4533271525604753,0.9066543051209511,1.6400185423185738,-7.105427357601002e-15,-0.25625474717129904,-78.46434547333604,-77.46434547333601
34,388.28125,389.6875,388.984375,0.4517992845616801,0.903598569123366,1.644602146314954,-7.105427357601002e-15,-0.2753899449350694,-86.03710316902043,-85.03710316901999
35,389.6875,392.5,391.09375,0.4495646601732731,0.8991293203465511,1.6513060194801756,7.105427357601002e-15,-0.30701957429470017,-98.69359612448173,-97.69359612448133
36,392.5,393.90625,393.203125,0.4473928957106764,0.8947857914213462,1.6578213128679773,7.105427357601002e-15,-0.34249808593859177,-113.07878767726693,-112.07878767726758
37,393.90625,395.3125,394.609375,0.4459771513581643,0.8919543027163285,1.6620685459255071,7.105427357601002e-15,-0.3684901010898862,-123.73351692500628,-122.7335169250063
38,395.3125,398.125,396.71875,0.44389798183045875,0.8877959636609177,1.6683060545086237,1.4210854715202004e-14,-0.41131502978484,-141.48443123954922,-140.48443123954917
39,398.125,399.53125,398.828125,0.4418682589441442,0.8837365178882888,1.674395223167567,7.105427357601002e-15,-0.45916962587424015,-161.58460271338512,-160.5846027133851
40,399.53125,400.9375,400.234375,0.440540661793933,0.8810813235878658,1.678378014618201,-7.105427357601002e-15,-0.49412075563260194,-176.42690726150377,-175.4269072615038
41,400.9375,402.34375,401.640625,0.43923231151971226,0.8784646230394245,1.682303065440863,0.0,-0.5317009621097251,-192.52725075275237,-191.52725075275237
42,402.34375,403.75,403.046875,0.4379422854910564,0.8758845709821138,1.68617314352683,2.842170943040401e-14,-0.57208421557349,-209.981932696502,-208.98193269650181
43,403.75,406.5625,405.15625,0.4360397807379841,0.8720795614759912,1.6918806577860248,0.0,-0.6383198361274598,-238.93019817242302,-237.93019817241802
44,406.5625,407.96875,407.265625,0.4341740775260381,0.8683481550520622,1.6974777674218997,1.4210854715202004e-14,-0.7119432084251187,-271.53552114210527,-270.5355211421088
45,407.96875,409.375,408.671875,0.4329496045589791,0.8658992091179583,1.7011511863230628,0.0,-0.7654833529052691,-295.50736349568984,-294.50736349568984
46,409.375,412.1875,410.78125,0.43114039934438514,0.8622807986887849,1.7065788019668298,-2.842170943040401e-14,-0.8530512110352699,-335.15036345519525,-334.15036345519076
47,412.1875,415.0,413.59375,0.42877670155986064,0.857553403119737,1.7136698953204021,0.0,-0.9846535283503002,-395.6551268096473,-394.6551268096415
48,415.0,415.703125,415.3515625,0.42732607131835526,0.8546521426367122,1.7180217860449325,2.842170943040401e-14,-1.076377198777724,-438.4236445036993,-437.42364450369865
49,415.703125,416.40625,416.0546875,0.4267513341435592,0.8535026682870848,1.719745997569356,0.0,-1.115262638654551,-456.6927237946135,-455.69272379462785
50,416.40625,417.8125,417.109375,0.42589498532247444,0.8517899706449716,1.7223150440325539,0.0,-1.1760614299378158,-485.41353144079585,-484.4135314407855
51,417.8125,420.625,419.21875,0.42420245365804404,0.8484049073160849,1.727392639025871,2.842170943040401e-14,-1.3070439083974605,-547.9022063876472,-546.9022063876489
52,420.625,422.03125,421.328125,0.42253586737738585,0.8450717347548058,1.7323923978678084,0.0,-1.4514803661706974,-617.7118387024325,-616.7118387024125
53,422.03125,423.4375,422.734375,0.4214387095560544,0.8428774191121051,1.7356838713318405,2.842170943040401e-14,-1.5558369643362706,-668.6949817556917,-667.694981755694
54,423.4375,426.25,424.84375,0.4198131188318299,0.8396262376636571,1.740560643504513,0.0,-1.7254186172062962,-752.4465477747674,-751.4465477747696
55,426.25,427.65625,426.953125,0.41821093060012804,0.836421861200208,1.7453672081996638,0.0,-1.9118723875181427,-845.7256176472869,-844.7256176473261
56,427.65625,428.359375,428.0078125,0.4174183600795325,0.8348367201590846,1.7477449197613828,1.7053025658242404e-13,-2.0118786938489954,-896.237321869458,-895.2373218694411
57,428.359375,429.0625,428.7109375,0.4168930723424891,0.833786144684997,1.749320782972514,-5.684341886080802e-14,-2.081189622807649,-931.432292805406,-930.4322928053889
58,429.0625,430.46875,429.765625,0.4161097130225939,0.8322194260451796,1.7516708609322265,5.684341886080802e-14,-2.1892628795652094,-986.6044892580826,-985.6044892580904
59,430.46875,431.875,431.171875,0.4150736347350843,0.8301472694701595,1.7547790957947564,-5.684341886080802e-14,-2.341345865826252,-1064.8264467428494,-1063.826446742859
60,431.875,432.578125,432.2265625,0.41430276936812765,0.8286055387363503,1.757091691895522,2.8421709430404007e-13,-2.4616724320212278,-1127.1756459832984,-1126.1756459831938
61,432.578125,433.28125,432.9296875,0.4137917641908666,0.8275835283816428,1.7586247074274906,-1.1368683772161603e-13,-2.5449952820369077,-1170.5796649078713,-1169.5796649079748
62,433.28125,434.6875,433.984375,0.4130295574371175,0.826059114874249,1.7609113276886335,-5.684341886080802e-14,-2.674805751320857,-1238.5595435582559,-1237.559543558239
63,434.6875,436.09375,435.390625,0.41202119594101116,0.8240423918820167,1.763936412176972,0.0,-2.857261308697719,-1334.8200029030927,-1333.8200029031
64,436.09375,437.5,436.796875,0.41102172574623164,0.8220434514924715,1.7669348227612969,-1.7053025658242404e-13,-3.050961390916715,-1437.878030001802,-1436.8780300017906
65,437.5,440.3125,438.90625,0.4095388435662114,0.8190776871324188,1.7713834693013697,-1.1368683772161603e-13,-3.3639219714918625,-1606.156101460014,-1605.1561014600204
66,440.3125,441.71875,441.015625,0.40807509841310985,0.816150196826207,1.775774704760683,0.0,-3.705698214991738,-1792.2505670069381,-1791.2505670069609
67,441.71875,442.421875,442.0703125,0.4073502518791083,0.8147005037582221,1.7779492443626697,2.2737367544323206e-13,-3.888104210560517,-1892.4984250486173,-1891.4984250486073
68,442.421875,443.125,442.7734375,0.4068695840723684,0.8137391681448305,1.779391247782801,1.1368683772161603e-13,-4.014176517376651,-1962.1464264512135,-1961.14642645103
69,443.125,443.828125,443.4765625,0.4063909476270333,0.8127818952540478,1.780827157118919,-1.1368683772161603e-13,-4.143930166047063,-2034.1265524653668,-2033.1265524654054
70,443.828125,444.53125,444.1796875,0.4059143264423745,0.8118286528848436,1.7822570206727817,1.1368683772161603e-13,-4.277458823220073,-2108.508749897349,-2107.508749897149
71,444.53125,445.9375,445.234375,0.40520313882502385,0.8104062776500461,1.78439058352493,0.0,-4.485039789049274,-2224.74347687645,-2223.7434768764533
72,445.9375,446.640625,446.2890625,0.4044963980628384,0.8089927961256874,1.7865108058114743,-1.1368683772161603e-13,-4.701661795849631,-2346.795086477793,-2345.795086477767
73,446.640625,447.34375,446.9921875,0.40402768299128883,0.8080553659826133,1.787916951026098,-2.2737367544323206e-13,-4.851267770502609,-2431.522459095735,-2430.522459095648
74,447.34375,448.75,448.046875,0.4033282419135918,0.8066564838271654,1.7900152742592428,1.1368683772161603e-13,-5.083723784960377,-2563.8518904057264,-2562.8518904057737
75,448.75,449.453125,449.1015625,0.4026331157848998,0.8052662315697982,1.792100652645302,-3.410605131648481e-13,-5.326157395184552,-2702.7145820592636,-2701.7145820592673
76,449.453125,450.15625,449.8046875,0.402172072246752,0.8043441444936926,1.7934837832595554,3.410605131648481e-13,-5.493505968745183,-2799.0610578532564,-2798.0610578527203
77,450.15625,451.5625,450.859375,0.4014840336006117,0.8029680672011846,1.7955478991982037,1.1368683772161603e-13,-5.753400503057875,-2949.457928315215,-2948.4579283153316
78,451.5625,452.265625,451.9140625,0.4008001868791975,0.8016003737583695,1.797599439362433,-2.2737367544323206e-13,-6.024289572600239,-3107.1808170945087,-3106.1808170945897
79,452.265625,452.96875,452.6171875,0.4003465960986457,0.8006931921969884,1.798960211704366,-2.2737367544323206e-13,-6.2111889456561045,-3216.5561374509903,-3215.5561374519853
80,452.96875,453.3203125,453.14453125,0.40000760507499017,0.800015210150131,1.799977184774879,0.0,-6.354761227309993,-3300.8755076061225,-3299.8755076056136
81,453.3203125,453.671875,453.49609375,0.39978218050343856,0.7995643610070271,1.8006534584895342,-2.2737367544323206e-13,-6.4521232009755565,-3358.201116291574,-3357.2011162910585
82,453.671875,454.375,454.0234375,0.3994448939025451,0.7988897878050404,1.8016653182924145,-2.2737367544323206e-13,-6.600676282294167,-3445.8901214870984,-3444.890121487273
83,454.375,455.78125,455.078125,0.39877336252422413,0.797546725048367,1.8036799124274088,4.547473508864641e-13,-6.90701754825286,-3627.5498326011248,-3626.549832601427
84,455.78125,456.484375,456.1328125,0.3981058527281938,0.7962117054564322,1.8056824418153739,0.0,-7.226041192884487,-3817.8829340277402,-3816.8829340275656
85,456.484375,457.1875,456.8359375,0.39766306050194855,0.7953261210040884,1.807010818493963,4.547473508864641e-13,-7.445993178314069,-3949.7718737372206,-3948.7718737364426
86,457.1875,458.59375,457.890625,0.3970021643393477,0.794004328678698,1.8089935069819543,2.2737367544323206e-13,-7.7871703415057,-4155.387319045979,-4154.387319045968
87,458.59375,459.296875,458.9453125,0.39634518432140403,0.7926903686429494,1.8109644470356465,2.2737367544323206e-13,-8.142271585489027,-4370.690696453665,-4369.690696453026
88,459.296875,459.6484375,459.47265625,0.39601815094500603,0.7920363018899538,1.81194554716504,4.547473508864641e-13,-8.325196649210554,-4482.101782407656,-4481.101782407927
89,459.6484375,460.0,459.82421875,0.3958006649955742,0.7916013299911228,1.812598005013303,-4.547473508864641e-13,-8.449179615464487,-4557.80342866554,-4556.80342866566
