Temperature (T),Ca,Cb,Cc
280.0,0.9999119972450226,1.999823994490045,0.0002640082649323762
280.3203203203203,0.9999075841054338,1.9998151682108676,0.00027724768369862397
280.64064064064064,0.999902961109988,1.999805922219976,0.0002911166700359735
280.96096096096096,0.9998981188620879,1.9997962377241758,0.0003056434137361705
281.2812812812813,0.9998930475735941,1.9997860951471882,0.0003208572792175603
281.6016016016016,0.9998877370499897,1.9997754740999794,0.000336788850030942
281.9219219219219,0.9998821766750623,1.9997643533501246,0.00035346997481326985
282.24224224224224,0.9998763553950915,1.999752710790183,0.00037093381472568307
282.56256256256256,0.9998702617025309,1.9997405234050618,0.00038921489240725685
282.8828828828829,0.9998638836191743,1.9997277672383487,0.00040834914247699083
283.2032032032032,0.9998572086787942,1.9997144173575885,0.0004283739636171775
283.5235235235235,0.9998502239092432,1.9997004478184863,0.00044932827227068205
283.84384384384384,0.9998429158140066,1.9996858316280133,0.0004712525579800495
284.16416416416416,0.9998352703531982,1.9996705407063964,0.0004941889404055065
284.4844844844845,0.9998272729239851,1.9996545458479702,0.0005181812280446817
284.8048048048048,0.9998189083404383,1.9996378166808766,0.0005432749786852017
285.1251251251251,0.9998101608127931,1.9996203216255861,0.0005695175616208245
285.44544544544544,0.9998010139261163,1.9996020278522326,0.00059695822165088
285.76576576576576,0.9997914506183683,1.9995829012367365,0.0006256481448954003
286.0860860860861,0.9997814531578537,1.9995629063157074,0.000655640526438748
286.4064064064064,0.999771003120055,1.99954200624011,0.0006869906398351659
286.7267267267267,0.999760081363839,1.999520162727678,0.000719755908482953
287.04704704704704,0.999748668007036,1.999497336014072,0.0007539959788918513
287.36736736736736,0.9997367424013818,1.9994734848027635,0.0007897727958545699
287.6876876876877,0.9997242831068225,1.999448566213645,0.0008271506795327326
288.008008008008,0.9997112678651779,1.9994225357303559,0.0008661964044662342
288.3283283283283,0.9996976735731632,1.9993953471463264,0.0009069792805102839
288.64864864864865,0.9996834762547663,1.9993669525095326,0.0009495712357011388
288.96896896896897,0.9996686510329856,1.9993373020659713,0.0009940469010428859
289.2892892892893,0.999653172100928,1.999306344201856,0.0010404836972159285
289.6096096096096,0.9996370126922718,1.9992740253845436,0.0010889619231846256
289.9299299299299,0.9996201450511025,1.999240290102205,0.0011395648466925425
290.25025025025025,0.9996025404011263,1.9992050808022526,0.0011923787966212356
290.57057057057057,0.9995841689142736,1.9991683378285472,0.0012474932571789686
290.8908908908909,0.9995649996787036,1.9991299993574072,0.0013050009638893181
291.2112112112112,0.9995450006662232,1.9990900013324464,0.001364998001330256
291.5315315315315,0.9995241386991396,1.9990482773982792,0.0014275839025812186
291.85185185185185,0.9995023794165626,1.9990047588331252,0.0014928617503119942
292.17217217217217,0.9994796872401824,1.9989593744803649,0.0015609382794525822
292.4924924924925,0.9994560253395446,1.9989120506790892,0.00163192398136615
292.8128128128128,0.9994313555968527,1.9988627111937054,0.0017059332094419663
293.13313313313313,0.9994056385713301,1.9988112771426603,0.00178308428600959
293.45345345345345,0.9993788334631758,1.9987576669263516,0.0018634996104725649
293.77377377377377,0.9993508980771517,1.9987017961543034,0.0019473057685449068
294.0940940940941,0.9993217887858482,1.9986435775716964,0.0020346336424553572
294.4144144144144,0.9992914604926714,1.9985829209853427,0.002125618521986119
294.73473473473473,0.9992598665946046,1.9985197331892093,0.0022204002161861423
295.05505505505505,0.9992269589448023,1.9984539178896046,0.002319123165593129
295.37537537537537,0.999192687815074,1.998385375630148,0.002421936554778051
295.6956956956957,0.9991570018583276,1.9983140037166551,0.0025289944250175404
296.016016016016,0.9991198480710406,1.9982396961420812,0.0026404557868780465
296.33633633633633,0.9990811717558395,1.998162343511679,0.00275648473248141
296.65665665665665,0.9990409164842661,1.9980818329685321,0.00287725054720161
296.97697697697697,0.9989990240598228,1.9979980481196455,0.003002927820531488
297.2972972972973,0.9989554344813903,1.9979108689627807,0.003133696555828896
297.6176176176176,0.9989100859071193,1.9978201718142385,0.0032697422786420226
297.93793793793793,0.9988629146189035,1.997725829237807,0.003411256143289514
298.25825825825825,0.998813854987551,1.997627709975102,0.003558435037346947
298.5785785785786,0.9987628394387469,1.9975256788774938,0.003711481683759274
298.8988988988989,0.9987097984200889,1.9974195968401778,0.0038706047397332917
299.2192192192192,0.99865466036897,1.99730932073794,0.004036018893090109
299.53953953953953,0.9985973516819169,1.9971947033638338,0.004207944954249364
299.85985985985985,0.9985377966852003,1.9970755933704005,0.004386609944399189
300.1801801801802,0.9984759176070054,1.9969518352140108,0.0045722471789841155
300.5005005005005,0.9984116345513102,1.9968232691026204,0.004765096346069471
300.8208208208208,0.9983448654736466,1.9966897309472933,0.00496540357906021
301.14114114114113,0.998275526158927,1.996551052317854,0.005173421523219008
301.46146146146145,0.9982035302015282,1.9964070604030564,0.005389409395415392
301.7817817817818,0.9981287889878311,1.9962575779756622,0.0056136330365066855
302.1021021021021,0.9980512116814237,1.9961024233628475,0.0058463649557287285
302.4224224224224,0.9979707052111801,1.9959414104223603,0.006087884366459461
302.74274274274273,0.9978871742624388,1.9957743485248776,0.0063384772126837095
303.06306306306305,0.9978005212715075,1.995601042543015,0.006598436185477389
303.3833833833834,0.9977106464237319,1.9954212928474637,0.00686806072880452
303.7037037037037,0.9976174476553672,1.9952348953107344,0.007147657033898591
304.024024024024,0.9975208206595035,1.995041641319007,0.0074375380214893715
304.34434434434434,0.9974206588962958,1.9948413177925917,0.0077380233111123825
304.66466466466466,0.9973168536077567,1.9946337072155134,0.008049439176730032
304.984984984985,0.9972092938373744,1.9944185876747489,0.008372118487876588
305.3053053053053,0.9970978664548215,1.994195732909643,0.00870640063553567
305.6256256256256,0.9969824561860189,1.9939649123720378,0.009052631441943184
305.94594594594594,0.9968629456488285,1.993725891297657,0.009411163053514563
306.26626626626626,0.9967392153946383,1.9934784307892766,0.009782353816084987
306.5865865865866,0.9966111439561126,1.9932222879122252,0.01016656813166235
306.9069069069069,0.9964786079013696,1.992957215802739,0.010564176295891192
307.2272272272272,0.9963414818948514,1.9926829637897028,0.01097555431544577
307.54754754754754,0.9961996387651414,1.9923992775302828,0.011401083704575593
307.86786786786786,0.9960529495799814,1.9921058991599627,0.01184115126005599
308.1881881881882,0.9959012837287284,1.9918025674574569,0.012296148813814531
308.5085085085085,0.9957445090124855,1.991489018024971,0.012766472962543764
308.8288288288288,0.9955824917421233,1.9911649834842466,0.013252524773630047
309.14914914914914,0.9954150968444017,1.9908301936888033,0.013754709466795249
309.46946946946946,0.9952421879763755,1.990484375952751,0.014273436070873214
309.7897897897898,0.995063627648262,1.990127255296524,0.014809117055214054
310.1101101101101,0.9948792773549123,1.9897585547098247,0.015362167935262945
310.4304304304304,0.9946889977160223,1.9893779954320445,0.015933006851933468
310.75075075075074,0.9944926486251771,1.9889852972503541,0.016522054124468936
311.07107107107106,0.9942900894078092,1.9885801788156183,0.0171297317765725
311.3913913913914,0.9940811789881102,1.9881623579762204,0.01775646303566948
311.7117117117117,0.9938657760649088,1.9877315521298176,0.018402671805273645
312.032032032032,0.9936437392964911,1.9872874785929822,0.019068782110526813
312.35235235235234,0.9934149274943014,1.9868298549886028,0.019755217517096
312.67267267267266,0.9931791998254217,1.9863583996508434,0.020462400523734773
312.992992992993,0.9929364160236885,1.985872832047377,0.021190751928934274
313.3133133133133,0.9926864366092565,1.985372873218513,0.02194069017223051
313.6336336336336,0.9924291231163762,1.9848582462327524,0.022712630650871306
313.95395395395394,0.9921643383291061,1.9843286766582122,0.02350698501268157
314.27427427427426,0.9918919465246216,1.9837838930492433,0.024324160426135062
314.5945945945946,0.9916118137237432,1.9832236274474864,0.02516455882877044
314.9149149149149,0.9913238079482436,1.9826476158964872,0.026028576155269326
315.2352352352352,0.9910277994844472,1.9820555989688944,0.026916601546658543
315.55555555555554,0.990723661152576,1.981447322305152,0.02782901654227178
315.87587587587586,0.9904112685812457,1.9808225371624915,0.028766194256262635
316.1961961961962,0.9900905004864565,1.980181000972913,0.02972849854063031
316.5165165165165,0.9897612389543746,1.9795224779087492,0.030716283136876108
316.8368368368368,0.9894233697271426,1.9788467394542852,0.03172989081857205
317.15715715715714,0.9890767824909071,1.9781535649818143,0.03276965252727877
317.47747747747746,0.9887213711652014,1.9774427423304028,0.033835886504395465
317.7977977977978,0.9883570341927721,1.9767140683855442,0.03492889742168359
318.1181181181181,0.9879836748288948,1.9759673496577896,0.03604897551331542
318.4384384384384,0.9876012014291808,1.9752024028583617,0.0371963957124572
318.75875875875874,0.9872095277348376,1.9744190554696752,0.03837141679548697
319.07907907907907,0.9868085731543121,1.9736171463086243,0.039574280537063584
319.3993993993994,0.9863982630402173,1.9727965260804345,0.04080521087934788
319.7197197197197,0.985978528960415,1.97195705792083,0.04206441311875487
320.04004004004,0.9855493089621098,1.9710986179242196,0.0433520731136707
320.36036036036035,0.9851105478278064,1.9702210956556128,0.04466835651658092
320.68068068068067,0.9846621973219403,1.9693243946438805,0.046013408034179054
321.001001001001,0.9842042164270499,1.9684084328540998,0.047387350718850293
321.3213213213213,0.9837365715683116,1.9674731431366232,0.048790285295065204
321.6416416416416,0.983259236825298,1.966518473650596,0.050222289524105825
321.96196196196195,0.9827721941298431,1.9655443882596861,0.05168341761047097
322.28228228228227,0.9822754334489184,1.9645508668978369,0.053173699653244956
322.6026026026026,0.981768952951467,1.963537905902934,0.05469314114559879
322.9229229229229,0.9812527591581857,1.9625055183163713,0.05624172252544316
323.2432432432432,0.980726867073298,1.961453734146596,0.05781939878010604
323.56356356356355,0.9801913002974232,1.9603826005948464,0.05942609910773054
323.88388388388387,0.9796460911207098,1.9592921822414195,0.06106172663787074
324.2042042042042,0.9790912805954813,1.9581825611909627,0.06272615821355607
324.5245245245245,0.9785269185877207,1.9570538371754413,0.06441924423683815
324.84484484484483,0.9779530638068072,1.9559061276136145,0.0661408085795785
325.16516516516515,0.9773697838130156,1.9547395676260313,0.06789064856095323
325.48548548548547,0.9767771550023825,1.953554310004765,0.06966853499285246
325.8058058058058,0.9761752625686487,1.9523505251372975,0.07147421229405361
326.1261261261261,0.9755642004420967,1.9511284008841934,0.07330739867370982
326.44644644644643,0.9749440712052053,1.9498881424104106,0.07516778638438391
326.76676676676675,0.9743149859851616,1.9486299719703233,0.07705504204451498
327.08708708708707,0.9736770643233812,1.9473541286467624,0.07896880702985627
327.4074074074074,0.9730304340223007,1.9460608680446014,0.08090869793309761
327.7277277277277,0.9723752309698224,1.9447504619396447,0.08287430709053303
328.04804804804803,0.9717115989418986,1.9434231978837972,0.08486520317430388
328.36836836836835,0.9710396893838621,1.9420793787677242,0.08688093184841365
328.68868868868867,0.970359661171201,1.940719322342402,0.08892101648639701
329.009009009009,0.9696716803506,1.9393433607012,0.09098495894819994
329.3293293293293,0.9689759198621453,1.9379518397242905,0.0930722404135642
329.64964964964963,0.9682725592437025,1.936545118487405,0.0951823222688925
329.96996996996995,0.9675617843185528,1.9351235686371056,0.09731464704434191
330.2902902902903,0.9668437868674529,1.9336875737349057,0.09946863939764151
330.6106106106106,0.9661187642863638,1.9322375285727276,0.10164370714090862
330.9309309309309,0.9653869192311432,1.9307738384622863,0.10383924230657039
331.25125125125123,0.9646484592505706,1.9292969185011413,0.10605462224828803
331.57157157157155,0.9639035964091023,1.9278071928182046,0.10828921077269324
331.8918918918919,0.9631525469008037,1.9263050938016073,0.11054235929758904
332.2122122122122,0.9623955306559294,1.9247910613118588,0.11281340803221186
332.5325325325325,0.9616327709416411,1.9232655418832822,0.11510168717507674
332.85285285285283,0.9608644939583598,1.9217289879167196,0.11740651812492045
333.17317317317315,0.9600909284332573,1.9201818568665145,0.11972721470022815
333.4934934934935,0.9593123052123709,1.9186246104247417,0.12206308436288746
333.8138138138138,0.958528856852817,1.917057713705634,0.12441342944154903
334.1341341341341,0.9577408172165468,1.9154816344330936,0.12677754835035934
334.45445445445444,0.9569484210670551,1.9138968421341103,0.12915473679883452
334.77477477477476,0.9561519036704106,1.9123038073408212,0.13154428898876835
335.0950950950951,0.9553515004019221,1.9107030008038441,0.13394549879423362
335.4154154154154,0.9545474463597043,1.9090948927194087,0.13635766092088683
335.7357357357357,0.953739975986343,1.907479951972686,0.13878007204097104
336.05605605605604,0.9529293226997851,1.9058586453995703,0.1412120319006445
336.37637637637636,0.9521157185345163,1.9042314370690325,0.14365284439645118
336.6966966966967,0.9512993937940064,1.9025987875880128,0.1461018186179807
337.017017017017,0.9504805767153222,1.9009611534306443,0.14855826985403361
337.3373373373373,0.9496594931467258,1.8993189862934516,0.15102152055982265
337.65765765765764,0.9488363662389999,1.8976727324779998,0.15349090128300039
337.97797797797796,0.9480114161511349,1.8960228323022699,0.1559657515465951
338.2982982982983,0.9471848597709576,1.8943697195419151,0.15844542068712744
338.6186186186186,0.9463569104511607,1.8927138209023213,0.16092926864651794
338.9389389389389,0.9455277777611363,1.8910555555222726,0.16341666671659125
339.25925925925924,0.9446976672549162,1.8893953345098324,0.1659069982352513
339.57957957957956,0.9438667802554375,1.887733560510875,0.1683996592336877
339.8998998998999,0.9430353136552901,1.8860706273105803,0.17089405903412958
340.2202202202202,0.9422034597339998,1.8844069194679995,0.17338962079800058
340.5405405405405,0.9413714059918481,1.8827428119836962,0.1758857820244558
340.86086086086084,0.9405393350001492,1.8810786700002984,0.17838199499955226
341.18118118118116,0.9397074242678358,1.8794148485356716,0.18087772719649273
341.5015015015015,0.9388758461241514,1.8777516922483029,0.18337246162754578
341.8218218218218,0.9380447676171765,1.876089535234353,0.18586569714847068
342.1421421421421,0.9372143504278749,1.8744287008557499,0.18835694871637526
342.46246246246244,0.9363847507992824,1.8727695015985648,0.19084574760215275
342.78278278278276,0.9355561194804305,1.871112238960861,0.1933316415587087
343.1031031031031,0.9347286016845394,1.8694572033690788,0.19581419494638155
343.4234234234234,0.933902337061001,1.867804674122002,0.19829298881699692
343.7437437437437,0.9330774596806138,1.8661549193612277,0.2007676209581585
344.06406406406404,0.9322540980335325,1.864508196067065,0.20323770589940224
344.38438438438436,0.931432375039353,1.862864750078706,0.20570287488194094
344.7047047047047,0.9306124080687411,1.8612248161374823,0.20816277579377665
345.025025025025,0.929794308976005,1.85958861795201,0.21061707307198507
345.3453453453453,0.9289781841419881,1.8579563682839761,0.21306544757403587
345.66566566566564,0.9281641345266682,1.8563282690533365,0.2155075964199953
345.98598598598596,0.9273522557308319,1.8547045114616638,0.2179432328075043
346.3063063063063,0.9265426380661977,1.8530852761323955,0.2203720858014069
346.6266266266266,0.9257353666333733,1.8514707332667466,0.22279390009987982
346.9469469469469,0.9249305214070211,1.8498610428140423,0.22520843577893657
347.26726726726724,0.9241281773276286,1.8482563546552573,0.2276154680171138
347.58758758758756,0.9233284043992916,1.8466568087985833,0.23001478680212506
347.9079079079079,0.9225312677928783,1.8450625355857566,0.23240619662136514
348.2282282282282,0.9217368279542181,1.8434736559084361,0.2347895161373457
348.5485485485485,0.920945140716275,1.84189028143255,0.23716457785117484
348.86886886886884,0.9201562574153895,1.840312514830779,0.23953122775383145
349.18918918918916,0.9193702250106277,1.8387404500212554,0.24188932496811677
349.5095095095095,0.9185870862059126,1.8371741724118251,0.2442387413822622
349.8298298298298,0.9178068795744359,1.8356137591488717,0.24657936127669233
350.1501501501501,0.9170296396848994,1.8340592793697987,0.24891108094530207
350.47047047047045,0.916255397229152,1.832510794458304,0.2512338083125441
350.79079079079077,0.9154841791508204,1.8309683583016407,0.253547462547539
351.1111111111111,0.9147160087745365,1.829432017549073,0.25585197367639034
351.4314314314314,0.9139509059354123,1.8279018118708246,0.25814728219376326
351.7517517517517,0.9131888871084136,1.8263777742168272,0.26043333867475904
352.07207207207205,0.9124299655373153,1.8248599310746305,0.26271010338805423
352.39239239239237,0.9116741513629454,1.8233483027258908,0.2649775459111636
352.7127127127127,0.9109214517504445,1.821842903500889,0.26723564474866673
353.033033033033,0.9101718710152817,1.8203437420305635,0.26948438695415483
353.3533533533533,0.9094254107478064,1.8188508214956127,0.271723767756581
353.67367367367365,0.9086820699361082,1.8173641398722165,0.2739537901916751
353.99399399399397,0.9079418450870123,1.8158836901740245,0.2761744647389632
354.3143143143143,0.9072047303450199,1.8144094606900398,0.27838580896494036
354.6346346346346,0.9064707176090431,1.8129414352180862,0.28058784717287066
354.9549549549549,0.9057397966468075,1.811479593293615,0.28278061005957755
355.27527527527525,0.9050119552067798,1.8100239104135596,0.28496413437966084
355.59559559559557,0.9042871791275324,1.8085743582550649,0.28713846261740295
355.9159159159159,0.9035654524444487,1.8071309048888975,0.28930364266665387
356.2362362362362,0.9028467574936857,1.8056935149873714,0.29145972751894283
356.55655655655653,0.9021310750133426,1.804262150026685,0.29360677495997217
356.87687687687685,0.9014183842417716,1.8028367684835431,0.2957448472746853
357.19719719719717,0.900708663013001,1.801417326026002,0.29787401096099686
357.5175175175175,0.9000018878492413,1.8000037756984826,0.29999433645227636
357.8378378378378,0.8992980340504502,1.7985960681009003,0.30210589784864944
358.15815815815813,0.898597075780953,1.797194151561906,0.3042087726571408
358.47847847847845,0.8978989861531206,1.7957979723062412,0.3063030415406385
358.79879879879877,0.8972037373081068,1.7944074746162135,0.3083887880756796
359.1191191191191,0.8965113004936668,1.7930226009873336,0.3104660985189997
359.4394394394394,0.8958216461390782,1.7916432922781564,0.31253506158276523
359.75975975975973,0.8951347439271858,1.7902694878543717,0.3145957682184423
360.08008008008005,0.8944505628636232,1.7889011257272465,0.3166483114091304
360.4004004004004,0.893769071343223,1.787538142686446,0.3186927859703311
360.7207207207207,0.8930902372136895,1.786180474427379,0.3207292883589314
361.041041041041,0.8924140278365558,1.7848280556731115,0.32275791649033253
361.36136136136133,0.8917404101454951,1.7834808202909902,0.3247787695635147
361.68168168168165,0.8910693507020289,1.7821387014040577,0.3267919478939133
362.002002002002,0.8904008157486991,1.7808016314973982,0.3287975527539026
362.3223223223223,0.8897347712597514,1.7794695425195028,0.3307956862207455
362.6426426426426,0.8890711829894066,1.7781423659788131,0.33278645103178
362.96296296296293,0.8884100165177627,1.7768200330355255,0.33476995044671176
363.28328328328325,0.8877512372944169,1.775502474588834,0.33674628811674917
363.6036036036036,0.8870948106798493,1.7741896213596984,0.33871556796045227
363.9239239239239,0.8864407019846433,1.7728814039692864,0.34067789404607035
364.2442442442442,0.8857888765066182,1.7715777530132364,0.34263337048014536
364.56456456456453,0.8851392995659209,1.7702785991318415,0.3445821013022375
364.88488488488485,0.884491936538159,1.768983873076318,0.34652419038552273
365.2052052052052,0.8838467528856334,1.7676935057712668,0.3484597413430998
365.5255255255255,0.8832037141867424,1.7664074283734847,0.350388857439773
365.8458458458458,0.8825627861636096,1.765125572327219,0.35231164150917144
366.16616616616614,0.8819239347080168,1.7638478694160338,0.3542281958759491
366.48648648648646,0.8812871259056971,1.7625742518113945,0.35613862228290866
366.8068068068068,0.8806523260590422,1.7613046521180844,0.3580430218228734
367.1271271271271,0.8800195017083051,1.7600390034166105,0.3599414948750844
367.4474474474474,0.8793886196513427,1.7587772393026857,0.36183414104597156
367.76776776776774,0.8787596469619612,1.7575192939239221,0.36372105911411656
368.08808808808806,0.8781325510069286,1.7562651020138569,0.36560234697921457
368.4084084084084,0.877507299461701,1.7550145989234023,0.36747810161489664
368.7287287287287,0.8768838603249313,1.7537677206498625,0.3693484190252061
369.049049049049,0.8762622019317937,1.7525244038635877,0.37121339420461874
369.36936936936934,0.8756422929662026,1.7512845859324053,0.3730731211013921
369.68968968968966,0.8750241024719557,1.7500482049439114,0.3749276925841329
370.01001001001,0.8744075998628598,1.7488151997257195,0.3767772004114209
370.3303303303303,0.873792754931886,1.747585509863772,0.37862173520434167
370.6506506506506,0.8731795378594042,1.746359075718808,0.3804613864217877
370.97097097097094,0.8725679192205348,1.7451358384410698,0.3822962423383952
371.29129129129126,0.8719578699916694,1.743915739983339,0.3841263900249915
371.6116116116116,0.8713493615561944,1.7426987231123887,0.38595191533141693
371.9319319319319,0.8707423657094671,1.7414847314189341,0.38777290287159893
372.2522522522522,0.8701368546630751,1.74027370932615,0.389589436010775
372.57257257257254,0.8695328010484253,1.739065602096851,0.3914015968547239
372.89289289289286,0.8689301779196905,1.7378603558393806,0.39320946624092873
373.2132132132132,0.868328958756154,1.7366579175123078,0.39501312373153835
373.5335335335335,0.8677291174639848,1.7354582349279695,0.39681264760804563
373.8538538538538,0.8671306283774785,1.7342612567549565,0.3986081148675652
374.17417417417414,0.8665334662597873,1.7330669325195742,0.4003996012206382
374.49449449449446,0.8659376063031771,1.731875212606354,0.40218718109046897
374.8148148148148,0.8653430241288376,1.7306860482576745,0.40397092761348785
375.1351351351351,0.864749695786271,1.7294993915725414,0.4057509126411874
375.4554554554554,0.8641575977522858,1.728315195504572,0.40752720674314236
375.77577577577574,0.8635667069296267,1.7271334138592533,0.40929987921111993
376.09609609609606,0.8629770006452577,1.7259540012905157,0.4110689980642266
376.4164164164164,0.8623884566483184,1.7247769132966368,0.4128346300550445
376.7367367367367,0.8618010531077913,1.7236021062155822,0.41459684067662644
377.057057057057,0.86121476860988,1.7224295372197604,0.4163556941703595
377.37737737737734,0.8606295821551386,1.7212591643102766,0.41811125353458495
377.69769769769766,0.8600454731553508,1.7200909463107024,0.41986358053394657
378.018018018018,0.8594624214301985,1.718924842860397,0.4216127357094047
378.3383383383383,0.8588804072037154,1.7177608144074306,0.4233587783888541
378.6586586586586,0.8582994111005627,1.7165988222011257,0.4251017666983114
378.97897897897894,0.8577194141421243,1.7154388282842479,0.42684175757362763
379.29929929929926,0.8571403977424494,1.7142807954849,0.4285788067726504
379.6196196196196,0.856562343704054,1.7131246874081076,0.43031296888783827
379.9399399399399,0.8559852342135805,1.71197046842716,0.43204429735925953
380.2602602602602,0.8554090518373547,1.7108181036747097,0.4337728444879358
380.58058058058054,0.8548337795168295,1.709667559033658,0.4354986614495125
380.90090090090087,0.8542594005639336,1.708518801127867,0.43722179830819946
381.2212212212212,0.8536858986563418,1.707371797312683,0.43894230403097534
381.5415415415415,0.8531132578326658,1.7062265156653316,0.44066022650200276
381.8618618618618,0.852541462487587,1.705082924975175,0.44237561253723784
382.18218218218215,0.8519704973669331,1.7039409947338675,0.44408850789919957
382.50250250250247,0.8514003475627039,1.702800695125407,0.4457989573118889
382.82282282282284,0.8508309985080657,1.701661997016132,0.44750700447580244
383.14314314314316,0.8502624359723131,1.7005248719446269,0.44921269208306014
383.4634634634635,0.849694646055803,1.6993892921116058,0.45091606183259125
383.7837837837838,0.849127615184879,1.6982552303697567,0.45261715444536427
384.1041041041041,0.8485613301067778,1.697122660213556,0.454316009679666
384.42442442442444,0.84799577788454,1.6959915557690797,0.45601266634638027
384.74474474474476,0.8474309458919108,1.694861891783821,0.45770716232426806
385.0650650650651,0.8468668218082543,1.6937336436165094,0.45939953457523625
385.3853853853854,0.8463033936134791,1.6926067872269595,0.4610898191595615
385.7057057057057,0.8457406495829747,1.691481299165949,0.46277805125107657
386.02602602602605,0.845178578282567,1.6903571565651343,0.4644642651522987
386.34634634634637,0.8446171685635051,1.6892343371270095,0.4661484943094853
386.6666666666667,0.844056409557463,1.688112819114927,0.46783077132761003
386.986986986987,0.8434962906715856,1.6869925813431716,0.4695111279852429
387.3073073073073,0.8429368015835524,1.6858736031671058,0.4711895952493417
387.62762762762765,0.8423779322366921,1.684755864473385,0.47286620328992274
387.94794794794797,0.841819672835127,1.6836393456702545,0.4745409814946185
388.2682682682683,0.8412620138389598,1.682524027677919,0.47621395848312115
388.5885885885886,0.8407049459595083,1.6814098919190166,0.477885162121475
388.9089089089089,0.8401484601545826,1.6802969203091649,0.4795546195362526
389.22922922922925,0.8395925476238071,1.679185095247616,0.4812223571285771
389.54954954954957,0.8390371998039989,1.6780743996079994,0.4828884005880016
389.8698698698699,0.8384824083645885,1.6769648167291764,0.484552774906235
390.1901901901902,0.8379281652030962,1.6758563304061924,0.48621550439071143
390.5105105105105,0.8373744624406652,1.6747489248813312,0.48787661267800375
390.83083083083085,0.8368212924176442,1.6736425848352883,0.4895361227470675
391.15115115115117,0.8362686476892242,1.6725372953784492,0.49119405693232654
391.4714714714715,0.8357165210211374,1.6714330420422747,0.4928504369365876
391.7917917917918,0.8351649053854054,1.6703298107708118,0.4945052838437829
392.11211211211213,0.8346137939561522,1.6692275879123069,0.49615861813154066
392.43243243243245,0.8340631801054725,1.6681263602109437,0.49781045968358395
392.75275275275277,0.8335130573993481,1.6670261147986996,0.4994608278019523
393.0730730730731,0.8329634195936493,1.6659268391872988,0.501109741219052
393.3933933933934,0.8324142606301568,1.6648285212603162,0.5027572181095268
393.71371371371373,0.8318655746326858,1.6637311492653741,0.5044032761019399
394.03403403403405,0.8313173559032302,1.6626347118064624,0.5060479322903075
394.35435435435437,0.8307695989181936,1.6615391978363867,0.5076912032454196
394.6746746746747,0.8302222983246624,1.6604445966493255,0.5093331050260119
394.994994994995,0.8296754489367539,1.6593508978735063,0.5109736531897399
395.31531531531533,0.829129045732002,1.6582580914640044,0.5126128628039937
395.63563563563565,0.8285830838478256,1.6571661676956526,0.5142507484565219
395.955955955956,0.8280375585780373,1.6560751171560744,0.5158873242658883
396.2762762762763,0.8274924653694155,1.6549849307388307,0.5175226038917536
396.5965965965966,0.8269477998183405,1.6538955996366813,0.519156600544978
396.91691691691693,0.8264035576674797,1.6528071153349622,0.520789326997558
397.23723723723725,0.8258597348025358,1.651719469605074,0.5224207955923901
397.5575575575576,0.8253163272490456,1.650632654498093,0.5240510182528616
397.8778778778779,0.8247733311692408,1.649546662338484,0.5256800064922753
398.1981981981982,0.8242307428589634,1.648461485717927,0.5273077714231097
398.51851851851853,0.8236885587446307,1.6473771174892626,0.5289343237661067
398.83883883883885,0.8231467753802658,1.6462935507605352,0.5305596738591992
399.1591591591592,0.8226053894445697,1.6452107788891437,0.5321838316662868
399.4794794794795,0.8220643977380581,1.6441287954761143,0.5338068067858274
399.7997997997998,0.8215237971802359,1.6430475943604717,0.5354286084592922
400.12012012012013,0.8209835848068482,1.6419671696136906,0.5370492455794613
400.44044044044045,0.8204437577671525,1.6408875155343055,0.5386687266985422
400.7607607607608,0.8199043133212774,1.6398086266425544,0.5402870600361681
401.0810810810811,0.8193652488375633,1.6387304976751256,0.5419042534873109
401.4014014014014,0.8188265617901258,1.6376531235802576,0.5435203146296164
401.72172172172174,0.8182882497561818,1.6365764995123642,0.5451352507314543
402.04204204204206,0.8177503104136784,1.6355006208273566,0.5467490687589649
402.3623623623624,0.817212741538869,1.6344254830777334,0.5483617753833974
402.6826826826827,0.8166755410039305,1.6333510820078565,0.5499733769882129
403.003003003003,0.8161387067746507,1.6322774135493017,0.5515838796760477
403.32332332332334,0.8156022369081519,1.631204473816299,0.5531932892755491
403.64364364364366,0.8150661295506444,1.630132259101292,0.5548016113480638
403.963963963964,0.8145303829352643,1.629060765870527,0.5564088511942089
404.2842842842843,0.8139949953799009,1.6279899907598017,0.5580150138602975
404.6046046046046,0.8134599652851185,1.6269199305702426,0.5596201041446387
404.92492492492494,0.8129252911320916,1.6258505822641838,0.5612241266037244
405.24524524524526,0.8123909714805772,1.6247819429611543,0.5628270855582687
405.5655655655656,0.8118570049669499,1.6237140099339058,0.5644289850991445
405.8858858858859,0.8113233903022697,1.6226467806045406,0.5660298290931897
406.2062062062062,0.8107901262703654,1.6215802525407363,0.5676296211888983
406.52652652652654,0.8102572117260028,1.620514423452007,0.5692283648219902
406.84684684684686,0.8097246455930409,1.6194492911860814,0.5708260632208778
407.1671671671672,0.8091924268626662,1.6183848537253371,0.5724227194119964
407.4874874874875,0.8086605545916465,1.617321109183291,0.5740183362250624
407.8078078078078,0.8081290279006084,1.6162580558012167,0.5756129162981748
408.12812812812814,0.8075978459723797,1.6151956919447619,0.5772064620828585
408.44844844844846,0.8070670080503473,1.6141340161006923,0.5787989758489606
408.7687687687688,0.8065365134368441,1.6130730268736846,0.5803904596894712
409.0890890890891,0.8060063614915872,1.6120127229831744,0.5819809155252385
409.4094094094094,0.8054765516301446,1.6109531032602882,0.5835703451095672
409.72972972972974,0.8049470833224184,1.6098941666448363,0.5851587500327455
410.05005005005006,0.8044179560911828,1.6088359121823634,0.5867461317264537
410.3703703703704,0.8038891695106368,1.6077783390212712,0.5883324914680922
410.6906906906907,0.8033607232049961,1.6067214464099904,0.5899178303850136
411.011011011011,0.8028326168471132,1.6056652336942219,0.5915021494586651
411.33133133133134,0.802304850157121,1.6046097003142443,0.5930854495286345
411.65165165165166,0.8017774229011253,1.6035548458022482,0.5946677312966264
411.971971971972,0.8012503348898916,1.6025006697797766,0.5962489953303319
412.2922922922923,0.8007235859775889,1.6014471719551828,0.5978292420672284
412.6126126126126,0.8001971760605668,1.6003943521211346,0.5994084718182984
412.93293293293294,0.7996711050761128,1.599342210152234,0.6009866847716532
413.25325325325326,0.7991453730013028,1.5982907460026028,0.6025638809960945
413.5735735735736,0.7986199798518028,1.5972399597036109,0.6041400604445866
413.8938938938939,0.7980949256807804,1.5961898513615604,0.605715222957659
414.2142142142142,0.7975702105777565,1.595140421155511,0.6072893682667324
414.53453453453454,0.797045834667545,1.5940916693350828,0.6088624959973722
414.85485485485486,0.796521798109182,1.5930435962183565,0.6104346056724613
415.1751751751752,0.795998101094894,1.5919962021897818,0.6120056967153242
415.4954954954955,0.7954747438490829,1.590949487698154,0.6135757684527632
415.8158158158158,0.7949517266273285,1.5899034532546472,0.6151448201180243
416.13613613613614,0.794429049715425,1.5888580994308534,0.6167128508537215
416.45645645645646,0.7939067134284438,1.5878134268568889,0.6182798597146674
416.7767767767768,0.7933847181097828,1.5867694362195577,0.6198458456706595
417.0970970970971,0.7928630641302675,1.5857261282605357,0.6214108076091965
417.4174174174174,0.7923417518872845,1.584683503774581,0.6229747443381344
417.73773773773775,0.7918207818039055,1.583641563607811,0.6245376545882837
418.05805805805807,0.7913001543280188,1.5826003086560338,0.6260995370159474
418.3783783783784,0.7907798699315304,1.5815597398630672,0.6276603902054024
418.6986986986987,0.7902599291095561,1.5805198582191133,0.6292202126713304
419.019019019019,0.7897403323796026,1.5794806647592265,0.6307790028611708
419.33933933933935,0.7892210802808458,1.578442160561698,0.6323367591574561
419.65965965965967,0.7887021733733048,1.5774043467466263,0.6338934798800689
419.97997997998,0.788183612237183,1.5763672244743732,0.6354491632884439
420.3003003003003,0.7876653974720874,1.5753307949441757,0.6370038075837368
420.6206206206206,0.7871475296963566,1.5742950593927043,0.638557410910939
420.94094094094095,0.7866300095463543,1.5732600190927137,0.6401099713609321
421.26126126126127,0.78611283767583,1.572225675351661,0.6416614869725089
421.5815815815816,0.785596014755223,1.571192029510444,0.643211955734333
421.9019019019019,0.7850795414710438,1.5701590829420793,0.6447613755868769
422.22222222222223,0.7845634185252371,1.5691268370504832,0.6463097444242799
422.54254254254255,0.784047646634601,1.5680952932691983,0.6478570600962007
422.86286286286287,0.7835322265301303,1.567064453060269,0.6494033204096005
423.1831831831832,0.7830171589565028,1.5660343179130114,0.6509485231304859
423.5035035035035,0.7825024446714471,1.5650048893429194,0.6524926659856334
423.82382382382383,0.7819880844452571,1.5639761688904963,0.6540357466642468
424.14414414414415,0.7814740790601424,1.5629481581202826,0.655577762819575
424.46446446446447,0.7809604293098145,1.5619208586196525,0.6571187120705332
424.7847847847848,0.7804471359989222,1.5608942719978536,0.6586585920032242
425.1051051051051,0.7799341999425027,1.559868399885023,0.6601974001724745
425.42542542542543,0.7794216219655719,1.5588432439311293,0.6617351341032989
425.74574574574575,0.7789094029025432,1.5578188058051008,0.6632717912923558
426.06606606606607,0.7783975435968797,1.5567950871937701,0.6648073692093501
426.3863863863864,0.777886044900525,1.5557720898010592,0.6663418652984158
426.7067067067067,0.7773749076735169,1.5547498153470394,0.6678752769794436
427.02702702702703,0.7768641327835291,1.5537282655670588,0.6694076016494119
427.34734734734735,0.7763537211054553,1.552707442210905,0.6709388366836395
427.6676676676677,0.7758436735209812,1.5516873470419599,0.672468979437059
427.987987987988,0.7753339909182018,1.5506679818363867,0.6739980272454116
428.3083083083083,0.7748246741911877,1.5496493483823683,0.675525977426444
428.62862862862863,0.7743157242396385,1.5486314484792951,0.6770528272810666
428.94894894894895,0.7738071419685101,1.5476142839370124,0.6785785740944775
429.2692692692693,0.7732989282875793,1.5465978565751564,0.6801032151372642
429.5895895895896,0.7727910841111695,1.545582168222353,0.6816267476664777
429.9099099099099,0.7722836103577692,1.5445672207155445,0.6831491689266862
430.23023023023023,0.7717765079496819,1.5435530158993367,0.6846704761509816
430.55055055055055,0.7712697778126727,1.5425395556253383,0.6861906665619889
430.8708708708709,0.770763420875724,1.5415268417514623,0.6877097373728137
431.1911911911912,0.7702574380706562,1.5405148761413192,0.6892276857880245
431.5115115115115,0.7697518303318147,1.5395036606636383,0.690744509004547
431.83183183183183,0.7692465985958102,1.5384931971916405,0.6922602042125493
432.15215215215215,0.7687417438012027,1.5374834876024344,0.693774768596363
432.4724724724725,0.7682372668882451,1.5364745337764731,0.6952881993352816
432.7927927927928,0.7677331687985135,1.5354663375970563,0.6968004936044303
433.1131131131131,0.7672294504748055,1.5344589009496357,0.6983116485755588
433.43343343343344,0.7667261128607157,1.5334522257214598,0.6998216614178246
433.75375375375376,0.7662231569004746,1.5324463138009419,0.7013305292985836
434.0740740740741,0.7657205835386331,1.5314411670772683,0.7028382493840987
434.3943943943944,0.7652183937199063,1.5304367874397902,0.7043448188403034
434.7147147147147,0.7647165883888396,1.5294331767776796,0.705850234833481
435.03503503503504,0.7642151684896829,1.5284303369793315,0.7073544945309856
435.35535535535536,0.7637141349660286,1.5274282699321051,0.7088575951018663
435.6756756756757,0.7632134887608054,1.526426977521602,0.7103595337175926
435.995995995996,0.7627132308158177,1.525426461631589,0.7118603075525937
436.3163163163163,0.7622133620716801,1.5244267241433689,0.7133599137849511
436.63663663663664,0.7617138834676617,1.5234277669353609,0.7148583495969776
436.95695695695696,0.7612147959413939,1.5224295918828052,0.7163556121758011
437.2772772772773,0.7607161004287091,1.5214322008573766,0.7178516987139141
437.5975975975976,0.7602177978634254,1.520435595726837,0.7193466064097377
437.9179179179179,0.7597198891772591,1.519439778354551,0.7208403324681899
438.23823823823824,0.7592223752996263,1.5184447505992194,0.7223328741011542
438.55855855855856,0.7587252571573376,1.5174505143146426,0.7238242285280198
438.8788788788789,0.7582285356746173,1.5164570713492151,0.7253143929761677
439.1991991991992,0.7577322117728532,1.515464423545718,0.726803364681429
439.5195195195195,0.7572362863704728,1.5144725727409363,0.728291140888591
439.83983983983984,0.7567407603827265,1.5134815207654724,0.7297777188518011
440.16016016016016,0.7562456347216502,1.5124912694433021,0.7312630958350477
440.4804804804805,0.7557509102958242,1.5115018205916413,0.7327472691125345
440.8008008008008,0.7552565880102897,1.5105131760205703,0.7342302359691398
441.1211211211211,0.7547626687664039,1.509525337532804,0.7357119937007922
441.44144144144144,0.7542691534617106,1.5085383069234304,0.737192539614859
441.76176176176176,0.7537760429898478,1.5075520859796272,0.7386718710305251
442.0820820820821,0.7532833382402803,1.5065666764805707,0.7401499852791489
442.4024024024024,0.7527910400984562,1.5055820801968895,0.7416268797046542
442.7227227227227,0.7522991494453788,1.5045982988908324,0.7431025516637887
443.04304304304304,0.7518076671578137,1.5036153343156493,0.7445769985265371
443.36336336336336,0.7513165941078408,1.5026331882157622,0.746050217676397
443.6836836836837,0.7508259311631084,1.5016518623261568,0.7475222065107348
444.004004004004,0.7503356791863287,1.5006713583727063,0.7489929624409649
444.3243243243243,0.7498458390356657,1.4996916780712963,0.7504624828930379
444.64464464464464,0.7493564115641707,1.4987128231283005,0.7519307653075288
444.96496496496496,0.7488673976199851,1.4977347952400264,0.7533978071399884
445.2852852852853,0.7483787980462225,1.4967575960925363,0.7548636058612412
445.6056056056056,0.7478906136807929,1.49578122736161,0.7563281589575971
445.9259259259259,0.7474028453563247,1.494805690712621,0.7577914639310541
446.24624624624624,0.7469154939001373,1.493830987800253,0.7592535182996097
446.56656656656656,0.7464285601341851,1.4928571202683678,0.7607143195974472
446.8868868868869,0.7459420448749358,1.4918840897499115,0.7621738653751527
447.2072072072072,0.7454559489333658,1.4909118978666962,0.7636321531999382
447.5275275275275,0.7449702731147347,1.4899405462294286,0.7650891806558366
447.84784784784785,0.7444850182186783,1.4889700364374356,0.7665449453438858
448.16816816816817,0.7440001850392162,1.4880003700784186,0.767999444882365
448.4884884884885,0.7435157743643919,1.4870315487287171,0.7694526769068911
448.8088088088088,0.743031786976455,1.486063573952909,0.770904639070636
449.1291291291291,0.7425482236517922,1.4850964473036827,0.772355329044525
449.44944944944945,0.742065085160856,1.484130170321772,0.7738047445173718
449.76976976976977,0.7415823722679914,1.4831647445360439,0.7752528831959646
450.0900900900901,0.7411000857315566,1.4822001714631392,0.7766997428053043
450.4104104104104,0.7406182263037505,1.4812364526075208,0.7781453210887286
450.7307307307307,0.7401367947306788,1.4802735894613472,0.7795896158079739
451.05105105105105,0.7396557917521904,1.479311583504429,0.7810326247433806
451.37137137137137,0.7391752181020088,1.478350436203997,0.782474345693994
451.6916916916917,0.738695074507459,1.4773901490149188,0.7839147764776222
452.012012012012,0.7382153616896477,1.4764307233792928,0.7853539149310593
452.3323323323323,0.737736080363312,1.4754721607266017,0.7867917589100863
452.65265265265265,0.737257231236811,1.4745144624736088,0.7882283062895801
452.97297297297297,0.7367788150120916,1.4735576300242215,0.7896635549636868
453.2932932932933,0.7363008323846993,1.4726016647694777,0.7910975028458228
453.6136136136136,0.7358232840437164,1.471646568087505,0.7925301478687785
453.93393393393393,0.7353461706717397,1.4706923413434045,0.7939614879848559
454.25425425425425,0.7348694929446996,1.4697389858894716,0.7953915211658289
454.57457457457457,0.7343932515322918,1.4687865030645961,0.796820245403112
454.8948948948949,0.7339174470973819,1.4678348941948351,0.798247658707783
455.2152152152152,0.7334420802964736,1.4668841605928622,0.7996737591106641
455.53553553553553,0.7329671517791987,1.465934303558522,0.8010985446622794
455.85585585585585,0.7324926621889533,1.4649853243779631,0.8025220134330836
456.17617617617617,0.7320186121622213,1.4640372243243462,0.8039441635134326
456.4964964964965,0.7315450023288668,1.4630900046576907,0.8053649930134424
456.8168168168168,0.7310718333121956,1.462143666624517,0.8067845000632876
457.13713713713713,0.7305991057289293,1.4611982114578286,0.8082026828132423
457.45745745745745,0.7301268201888695,1.46025364037771,0.8096195394334206
457.77777777777777,0.729654977295314,1.459309954590596,0.8110350681140899
458.0980980980981,0.7291835776447771,1.4583671552896658,0.812449267065557
458.4184184184184,0.7287126218271914,1.4574252436545254,0.8138621345182832
458.73873873873873,0.7282421104257579,1.4564842208514175,0.8152736687228247
459.05905905905905,0.7277720440167651,1.4555440880334987,0.8166838679497365
459.3793793793794,0.7273024231700387,1.4546048463400638,0.8180927304898975
459.6996996996997,0.7268332484486159,1.4536664968971504,0.8195002546542337
460.02002002002,0.7263645204087145,1.4527290408174542,0.8209064387738313
460.34034034034033,0.7258962396000371,1.4517924792000356,0.8223112811999271
460.66066066066065,0.7254284065653672,1.4508568131307271,0.8237147803039057
460.980980980981,0.7249610218409269,1.4499220436817788,0.8251169344772943
461.3013013013013,0.7244940859560982,1.4489881719121496,0.826517742131752
461.6216216216216,0.7240275994336237,1.44805519886731,0.8279172016990665
461.94194194194193,0.7235615627896624,1.4471231255792065,0.8293153116311311
462.26226226226225,0.7230959765333458,1.4461919530667176,0.8307120703999366
462.5825825825826,0.7226308411674635,1.4452616823350042,0.8321074764975323
462.9029029029029,0.7221661571880053,1.4443323143758617,0.8335015284361328
463.2232232232232,0.7217019250841019,1.4434038501681086,0.8348942247477895
463.54354354354354,0.7212381453383856,1.442476290676945,0.8362855639846694
463.86386386386386,0.720774818427021,1.4415496368539173,0.8376755447190618
464.1841841841842,0.7203119448190242,1.4406238896380827,0.8390641655428932
464.5045045045045,0.7198495249771582,1.4396990499544937,0.8404514250683479
464.8248248248248,0.7193875593575703,1.4387751187151812,0.8418373219272486
465.14514514514514,0.7189260484094777,1.437852096819161,0.8432218547713614
465.46546546546546,0.718464992575905,1.4369299851517379,0.8446050222723573
465.7857857857858,0.7180043922928571,1.4360087845856886,0.8459868231214542
466.1061061061061,0.7175442479900943,1.4350884959800514,0.8473672560298543
466.4264264264264,0.7170845600905799,1.4341691201811761,0.8487463197282438
466.74674674674674,0.7166253290109784,1.4332506580219073,0.8501240129671143
467.06706706706706,0.7161665551611711,1.4323331103223649,0.8515003345164639
467.3873873873874,0.7157082389446923,1.4314164778894447,0.8528752831658631
467.7077077077077,0.7152503807585214,1.4305007615170942,0.8542488577243844
468.028028028028,0.7147929809931509,1.4295859619863232,0.855621057020526
468.34834834834834,0.7143360400325419,1.428672080065161,0.856991879902297
468.66866866866866,0.7138795582543364,1.4277591165088475,0.858361325236816
468.988988988989,0.713423536029753,1.426847072059525,0.859729391910722
469.3093093093093,0.7129679737233423,1.4259359474468973,0.8610960788297605
469.6296296296296,0.7125128716937066,1.4250257433874145,0.8624613849188789
469.94994994994994,0.7120582302925436,1.4241164605853776,0.8638253091220788
470.27027027027026,0.7116040498658056,1.4232080997315861,0.8651878504026084
470.5905905905906,0.711150330752536,1.4223006615050016,0.8665490077424625
470.9109109109109,0.7106970732858203,1.4213941465715774,0.8679087801426022
471.2312312312312,0.7102442777923719,1.4204885555847284,0.8692671666228998
471.55155155155154,0.7097919445926427,1.4195838891852384,0.8706241662221191
471.87187187187186,0.7093400740008836,1.418680148001465,0.8719797779976516
472.1921921921922,0.708888666324824,1.4177773326498264,0.8733340010253499
472.5125125125125,0.7084377218666589,1.4168754437331414,0.8746868344001997
472.8328328328328,0.7079872409216951,1.4159744818432927,0.8760382772350124
473.15315315315314,0.7075372237794061,1.4150744475589967,0.8773883286615972
473.47347347347346,0.7070876707234915,1.4141753414465676,0.8787369878299408
473.7937937937938,0.7066385820306227,1.4132771640611903,0.8800842539081871
474.1141141141141,0.7061899579722644,1.412379915944779,0.8814301260829567
474.4344344344344,0.7057417988136897,1.4114835976272249,0.8827746035590855
474.75475475475474,0.7052941048136363,1.410588209627331,0.8841176855590328
475.07507507507506,0.7048468762254253,1.4096937524507995,0.8854593713237752
475.3953953953954,0.704400113296055,1.408800226591928,0.8867996601120173
475.7157157157157,0.7039538162666087,1.407907632533233,0.8881385512001585
476.036036036036,0.7035079853723706,1.4070159707449934,0.8894760438826361
476.35635635635634,0.703062620842901,1.406125241685515,0.890812137471584
476.67667667667666,0.702617722901236,1.4052354458022684,0.8921468312964954
476.996996996997,0.7021732917651381,1.4043465835302502,0.8934801247046116
477.3173173173173,0.7017293276464427,1.403458655292978,0.8948120170605793
477.6376376376376,0.7012858307511418,1.4025716615024355,0.8961425077464227
477.95795795795794,0.7008428012794775,1.4016856025590576,0.897471596161465
478.27827827827826,0.7004002394260159,1.400800478851739,0.8987992817222449
478.5985985985986,0.6999581453792972,1.3999162907582174,0.9001255638624854
478.9189189189189,0.6995165193223811,1.3990330386448733,0.9014504420327456
479.2392392392392,0.6990753614329912,1.3981507228661316,0.9027739157008772
479.55955955955955,0.6986346718827848,1.3972693437658188,0.9040959843513966
479.87987987987987,0.6981944508381823,1.396388901676086,0.9054166474857316
480.2002002002002,0.6977546984594438,1.395509396918749,0.9067359046218072
480.5205205205205,0.6973154149018158,1.3946308298036816,0.9080537552945027
480.8408408408408,0.6968766003149487,1.3937532006300217,0.9093701990550298
481.16116116116115,0.6964382548430225,1.3928765096858096,0.910685235471168
481.48148148148147,0.6960003786244287,1.392000757248716,0.9119988641268554
481.8018018018018,0.6955629717923598,1.3911259435850492,0.913311084622591
482.1221221221221,0.6951260344750007,1.3902520689498656,0.9146218965751336
482.4424424424424,0.694689566794379,1.389379133588817,0.9159312996168039
482.76276276276275,0.6942535688678427,1.3885071377353662,0.9172392933967911
483.08308308308307,0.6938180408070869,1.387636081613526,0.918545877579387
483.4034034034034,0.6933829827182255,1.3867659654364177,0.9198510518453569
483.7237237237237,0.6929483947028228,1.3858967894063372,0.92115481589084
484.044044044044,0.6925142768572742,1.3850285537145555,0.9224571694281705
484.36436436436435,0.6920806292716403,1.3841612585438783,0.9237581121844815
484.68468468468467,0.691647452032087,1.3832949040647047,0.9250576439032085
485.005005005005,0.6912147452190698,1.3824294904381809,0.9263557643427494
485.32532532532537,0.6907825089074784,1.3815650178154584,0.9276524732770631
485.6456456456457,0.6903507431683324,1.3807014863365457,0.9289477704951218
485.965965965966,0.6899194480662048,1.3798388961328418,0.9302416558009534
486.2862862862863,0.6894886236619419,1.378977247323741,0.9315341290143174
486.60660660660665,0.6890582700104345,1.3781165400204032,0.9328251899691623
486.92692692692697,0.6886283871619638,1.377256774323255,0.9341148385147812
487.2472472472473,0.688198975161703,1.3763979503231394,0.9354030745151576
487.5675675675676,0.6877700340503742,1.375540068100662,0.9366898978489641
487.8878878878879,0.6873415638634431,1.3746831277269393,0.9379753084096175
488.20820820820825,0.6869135646318668,1.3738271292632942,0.9392593061048389
488.52852852852857,0.6864860363810116,1.3729720727618762,0.9405418908571122
488.8488488488489,0.6860589791323679,1.3721179582646457,0.9418230626029864
489.1691691691692,0.685632392902038,1.3712647858045424,0.9431028212934195
489.48948948948953,0.6852062777021752,1.3704125554042437,0.9443811668935812
489.80980980980985,0.6847806335394041,1.3695612670779933,0.9456580993826024
490.13013013013017,0.6843554604153793,1.3687109208306347,0.9469336187539857
490.4504504504505,0.6839307583286846,1.3678615166567958,0.9482077250145198
490.7707707707708,0.6835065272715352,1.367013054542855,0.94948041818561
491.09109109109113,0.6830827672328177,1.3661655344654973,0.9507516983016849
491.41141141141145,0.6826594781961233,1.3653189563926638,0.9520215654112132
491.73173173173177,0.6822366601412585,1.3644733202825416,0.9532900195761999
492.0520520520521,0.6818143130426992,1.3636286260852204,0.9545570608720803
492.3723723723724,0.6813924368707542,1.3627848737415442,0.9558226893877015
492.69269269269273,0.6809710315914308,1.3619420631833496,0.9570869052252194
493.01301301301305,0.6805500971665668,1.3611001943334309,0.9583497085000022
493.33333333333337,0.68012963355309,1.3602592671063465,0.9596110993405637
493.6536536536537,0.6797096407037534,1.3594192814077881,0.9608710778884583
493.973973973974,0.6792901185672998,1.3585802371344977,0.9621296442982025
494.29429429429433,0.6788710670875531,1.3577421341752614,0.9633867987371857
494.61461461461465,0.6784524862049138,1.3569049724094993,0.9646425413855869
494.934934934935,0.6780343758545145,1.3560687517091994,0.965896872436286
495.2552552552553,0.6776167359682665,1.3552334719369552,0.9671497920947785
495.5755755755756,0.6771995664736846,1.354399132947227,0.9684013005790887
495.89589589589593,0.6767828672933904,1.3535657345869212,0.9696513981196884
496.21621621621625,0.6763666383468685,1.3527332766937168,0.9709000849594149
496.5365365365366,0.6759508795487316,1.3519017590979248,0.9721473613533438
496.8568568568569,0.6755355908103671,1.3510711816207124,0.9733932275689204
497.1771771771772,0.6751207720382681,1.3502415440765805,0.9746376838851514
497.49749749749753,0.6747064231354603,1.3494128462705783,0.9758807305939614
497.81781781781785,0.6742925440006412,1.3485850880011692,0.9771223679981899
498.1381381381382,0.6738791345289925,1.3477582690574557,0.9783625964135517
498.4584584584585,0.67346619461113,1.3469323892223688,0.9796014161665014
498.7787787787788,0.6730537241344663,1.346107448269451,0.9808388275960827
499.09909909909913,0.6726417229824931,1.3452834459650909,0.9820748310524162
499.41941941941946,0.6722301910342275,1.3444603820684713,0.9833094268973012
499.7397397397398,0.6718191281655312,1.3436382563303348,0.9845426155041338
500.0600600600601,0.6714085342479058,1.3428170684953367,0.9857743972567575
500.3803803803804,0.6709984091491147,1.341996818299387,0.9870047725514983
500.70070070070074,0.6705887527348702,1.3411775054692248,0.9882337417959052
501.02102102102106,0.6701795648638516,1.3403591297291078,0.9894613054070409
501.3413413413414,0.6697708453954356,1.3395416907891848,0.9906874638153795
501.6616616616617,0.6693625941799614,1.3387251883606222,0.9919122174594166
501.981981981982,0.6689548110693754,1.3379096221394589,0.9931355667911659
502.30230230230234,0.6685474959095195,1.337094991818381,0.9943575122720996
502.62262262262266,0.668140648541787,1.3362812970835636,0.9955780543746494
502.942942942943,0.6677342688058648,1.3354685376125326,0.9967971935816026
503.2632632632633,0.6673283565375151,1.3346567130751135,0.9980149303873713
503.5835835835836,0.6669229115684041,1.3338458231363974,0.9992312652951985
503.90390390390394,0.6665179337267984,1.333035867453127,1.0004461988200746
504.22422422422426,0.6661134228379832,1.3322268456760928,1.0016597314859241
504.5445445445446,0.6657093787238759,1.331418757447586,1.0028718638285383
504.8648648648649,0.6653058012024166,1.3306116024050976,1.004082596392486
505.1851851851852,0.6649026900886996,1.3298053801777945,1.005291929733506
505.50550550550554,0.6645000451945456,1.3290000903886758,1.0064998644167784
505.82582582582586,0.6640978663279206,1.328195732654964,1.0077064010171153
506.1461461461462,0.6636961532934567,1.3273923065876525,1.008911540118891
506.4664664664665,0.6632949058942876,1.326589811788084,1.0101152823176283
506.7867867867868,0.6628941239280097,1.3257882478542922,1.011317628217698
507.10710710710714,0.662493807188981,1.3249876143787793,1.0125185784322397
507.42742742742746,0.6620939554718152,1.3241879109425805,1.0137181335856045
507.7477477477478,0.6616945685632644,1.3233891371262592,1.0149162943104766
508.0680680680681,0.6612956462504077,1.3225912925003884,1.016113061249204
508.3883883883884,0.660897188315609,1.321794376630667,1.017308435053724
508.70870870870874,0.6604991945385826,1.320998389077351,1.0185024163840664
509.02902902902906,0.660101664696306,1.3202033293925672,1.0196950059111265
509.3493493493494,0.6597045985623848,1.3194091971235844,1.0208862043140308
509.6696696696697,0.6593079959063683,1.318615991813577,1.0220760122800545
509.98998998999,0.6589118564978141,1.3178237129950585,1.0232644305071272
510.31031031031034,0.6585161800992219,1.317032360200169,1.0244514597006091
510.63063063063066,0.6581209664747741,1.3162419329491326,1.0256371005760931
510.950950950951,0.6577262153815829,1.315452430762263,1.026821353856154
511.2712712712713,0.6573319265755889,1.314663853151236,1.0280042202731752
511.5915915915916,0.6569380998107764,1.3138761996213977,1.029185700567826
511.91191191191194,0.6565447348366736,1.3130894696740552,1.030365795489271
512.2322322322323,0.6561518314017818,1.3123036628030977,1.0315445057951205
512.5525525525526,0.6557593892496817,1.3115187784989788,1.0327218322513394
512.8728728728729,0.6553674081228426,1.3107348162449688,1.0338977756321888
513.1931931931932,0.6549758877597922,1.3099517755203525,1.0350723367198553
513.5135135135135,0.6545848278977011,1.3091696557967343,1.0362455163055646
513.8338338338339,0.6541942282704546,1.3083884565418,1.0374173151877453
514.1541541541542,0.6538040886087763,1.3076081772177957,1.038587734173428
514.4744744744745,0.6534144086407705,1.3068288172828315,1.0397567740763982
514.7947947947948,0.6530251880928754,1.3060503761867093,1.0409244357204153
515.1151151151151,0.6526364266882441,1.305272853377109,1.042090719934647
515.4354354354355,0.6522481241472672,1.304496248294319,1.0432556275584137
515.7557557557558,0.6518602801874757,1.303720560375925,1.0444191594365992
516.0760760760761,0.6514728945252005,1.3029457890518963,1.0455813164229033
516.3963963963964,0.651085966874133,1.3021719337475968,1.0467420993782701
516.7167167167167,0.6506994969430394,1.3013989938858457,1.0479015091711148
517.0370370370371,0.6503134844401637,1.3006269688831802,1.049059546676656
517.3573573573574,0.6499279290733128,1.2998558581467823,1.0502162127799048
517.6776776776777,0.6495428305436428,1.2990856610868786,1.0513715083694788
517.997997997998,0.6491581885526988,1.298316377103646,1.0525254343436552
518.3183183183183,0.6487740027966994,1.29754800559604,1.0536779916072607
518.6386386386387,0.6483902729759694,1.2967805459518293,1.0548291810722015
518.958958958959,0.6480069987808573,1.2960139975623626,1.0559790036567802
519.2792792792793,0.6476241799033218,1.295248359808542,1.0571274602881362
519.5995995995996,0.6472418160340704,1.294483632066245,1.0582745518996846
519.91991991992,0.6468599068571964,1.2937198137155153,1.0594202794272882
520.2402402402403,0.6464784520597434,1.2929569041185276,1.0605646438217287
520.5605605605606,0.6460974513223027,1.2921949026441033,1.061707646033594
520.8808808808809,0.6457169043258282,1.2914338086509116,1.0628492870232602
521.2012012012012,0.6453368107473816,1.2906736214961878,1.0639895677564306
521.5215215215215,0.6449571702641616,1.2899143405279694,1.0651284892078694
521.8418418418419,0.6445779825477737,1.289155965097872,1.0662660523543546
522.1621621621622,0.6441992472718675,1.288398494544604,1.0674022581835283
522.4824824824825,0.6438209641037762,1.287641928208759,1.0685371076874648
522.8028028028028,0.643443132712344,1.2868862654244138,1.0696706018632423
523.1231231231232,0.6430657527609781,1.2861315055235851,1.0708027417154369
523.4434434434435,0.6426888239146982,1.2853776478279264,1.0719335282573754
523.7637637637638,0.6423123458328421,1.2846246916651163,1.0730629625020416
524.0840840840841,0.6419363181743997,1.2838726363513293,1.074191045474271
524.4044044044044,0.6415607405984914,1.2831214811978984,1.07531777820361
524.7247247247248,0.6411856127590471,1.2823712255154072,1.0764431617255459
525.0450450450451,0.640810934306953,1.2816218686155316,1.0775671970775156
525.3653653653654,0.640436704897054,1.2808734097942942,1.078689885308652
525.6856856856857,0.6400629241765811,1.2801258483534939,1.0798112274699252
526.006006006006,0.6396895917929339,1.279379183585105,1.0809312246219613
526.3263263263264,0.639316707392374,1.278633414782521,1.082049877825105
526.6466466466467,0.6389442706168248,1.2778885412339358,1.0831671881492393
526.966966966967,0.6385722811098002,1.2771445622197397,1.08428315667046
527.2872872872873,0.6382007385104583,1.2764014770205172,1.0853977844690246
527.6076076076076,0.6378296424572301,1.2756592849134882,1.0865110726292817
527.927927927928,0.6374589925859069,1.2749179851718087,1.0876230222422842
528.2482482482483,0.6370887885314267,1.2741775770628319,1.0887336344057414
528.5685685685686,0.6367190299265021,1.2734380598528698,1.089842910220628
528.8888888888889,0.6363497164023951,1.2726994328038088,1.0909508507937957
529.2092092092092,0.6359808475876692,1.2719616951750743,1.0920574572372566
529.5295295295296,0.6356124231102088,1.271224846221663,1.0931627306681282
529.8498498498499,0.6352444425974633,1.2704888851939509,1.0942666722085859
530.1701701701702,0.6348769056710117,1.2697538113431868,1.0953692829858015
530.4904904904905,0.6345098119558585,1.2690196239122438,1.0964705641318977
530.8108108108108,0.6341431610720256,1.2682863221440783,1.097570516783896
531.1311311311312,0.6337769526382476,1.2675539052780853,1.0986691420836672
531.4514514514515,0.6334111862745768,1.2668223725475476,1.0997664411778756
531.7717717717718,0.6330458615944792,1.2660917231875923,1.1008624152179283
532.0920920920921,0.6326809782132968,1.26536195642608,1.1019570653606232
532.4124124124124,0.6323165357451118,1.264633071490256,1.1030503927646322
532.7327327327328,0.6319525338004135,1.2639050676029062,1.1041423985966803
533.0530530530531,0.6315889719898888,1.2631779439827526,1.1052330840273585
533.3733733733734,0.6312258499230792,1.2624516998458677,1.1063224502310531
533.6936936936937,0.6308631672052238,1.2617263344088687,1.1074104983859074
534.014014014014,0.6305009234422227,1.2610018468854394,1.108497229672338
534.3343343343344,0.6301391182397293,1.260278236474604,1.109582645285667
534.6546546546547,0.6297777511962191,1.2595555023951532,1.1106667464086273
534.974974974975,0.6294168219178753,1.2588336438405396,1.111749534241585
535.2952952952953,0.6290563300043943,1.2581126600078774,1.112831009987728
535.6156156156156,0.6286962750517063,1.2573925501009713,1.1139111748473225
535.935935935936,0.6283366566562981,1.2566733133132924,1.1149900300304096
536.2562562562563,0.6279774744169734,1.2559549488333404,1.1160675767496862
536.5765765765766,0.6276187279259786,1.2552374558521535,1.1171438162218679
536.8968968968969,0.6272604167774996,1.2545208335548501,1.1182187496676503
537.2172172172172,0.6269025405647433,1.253805081123604,1.119292378311653
537.5375375375376,0.6265450988720488,1.2530901977455617,1.1203647033823896
537.8578578578579,0.6261880912959622,1.2523761825918325,1.1214357261122052
538.1781781781782,0.6258315174202742,1.2516630348424758,1.12250544773725
538.4984984984985,0.6254753768345935,1.2509507536679878,1.1235738694974189
538.8188188188188,0.6251196691193242,1.2502393382443626,1.1246409926363132
539.1391391391392,0.6247643938661726,1.2495287877311612,1.1257068184026664
539.4594594594595,0.6244095506512531,1.2488191013057712,1.1267713480429757
539.7797797797798,0.6240551390628294,1.2481102781210769,1.1278345828160936
540.1001001001001,0.6237011586743222,1.2474023173471203,1.1288965239785576
540.4204204204204,0.6233476090699287,1.2466952181382183,1.1299571727918531
540.7407407407408,0.6229944898255165,1.2459889796535628,1.1310165305209208
541.0610610610611,0.6226418005220631,1.2452836010438355,1.1320745984341012
541.3813813813814,0.622289540732003,1.2445790814648903,1.1331313778031065
541.7017017017017,0.6219377100320591,1.243875420064973,1.1341868699029678
542.022022022022,0.6215863079954712,1.2431726159925303,1.1352410760119986
542.3423423423424,0.6212353341945341,1.2424706683937128,1.1362939974117532
542.6626626626627,0.6208847882031848,1.241769576409828,1.1373456353869875
542.982982982983,0.6205346695911984,1.2410693391831888,1.1383959912256127
543.3033033033033,0.6201849779279509,1.240369955853382,1.139445066218667
543.6236236236236,0.6198357127802283,1.2396714255595125,1.1404928616602594
543.943943943944,0.6194868737173321,1.2389737474351208,1.1415393788475472
544.2642642642643,0.6191384603074627,1.2382769206118582,1.1425846190806792
544.5845845845846,0.6187904721116724,1.2375809442255552,1.1436285836627724
544.9049049049049,0.6184429086999547,1.2368858174017077,1.1446712738983378
545.2252252252252,0.6180957696332343,1.2361915392658949,1.1457126911008708
545.5455455455456,0.6177490544753951,1.235498108945507,1.1467528365790978
545.8658658658659,0.6174027627865588,1.2348055255673904,1.1477917116460508
546.1861861861862,0.6170568941253546,1.2341137882555837,1.1488293176190616
546.5065065065065,0.6167114480586064,1.2334228961216527,1.1498656558197409
546.8268268268268,0.616366424142317,1.2327328482837332,1.1509007275739496
547.1471471471472,0.6160218219330305,1.232043643864486,1.1519345342024836
547.4674674674675,0.6156776409891452,1.2313552819759235,1.1529670770349312
547.7877877877878,0.6153338808669531,1.230667761729563,1.153998357403484
548.1081081081081,0.6149905411205204,1.2299810822428328,1.155028376636647
548.4284284284284,0.6146476213088079,1.2292952426164094,1.1560571360747827
548.7487487487488,0.6143051209831842,1.2286102419607503,1.1570846370560652
549.0690690690691,0.613963039693835,1.227926079389767,1.158110880916398
549.3893893893894,0.6136213769988319,1.227242753997671,1.1591358690034972
549.7097097097097,0.6132801324466032,1.226560264892221,1.1601596026611758
550.03003003003,0.6129393055866086,1.225878611176244,1.1611820832371476
550.3503503503504,0.6125988959722352,1.2251977919463353,1.1622033120814295
550.6706706706707,0.6122589031516956,1.2245178063020006,1.1632232905463038
550.990990990991,0.6119193266708579,1.2238386533428582,1.164242019986284
551.3113113113113,0.6115801660790665,1.2231603321628517,1.1652595017580818
551.6316316316316,0.6112414209257967,1.2224828418552298,1.1662757372189734
551.951951951952,0.6109030907551991,1.2218061815100318,1.1672907277347688
552.2722722722723,0.6105651751124053,1.221130350223826,1.1683044746637687
552.5925925925926,0.6102276735425894,1.220455347083055,1.1693169793743554
552.9129129129129,0.6098905855909363,1.2197811711801654,1.1703282432288982
553.2332332332332,0.6095539108006846,1.219107821597885,1.1713382676014306
553.5535535535536,0.6092176487104539,1.21843529743128,1.172347053858266
553.8738738738739,0.6088817988715504,1.217763597746206,1.1733546033822433
554.1941941941942,0.6085463608202663,1.217092721641098,1.1743609175386358
554.5145145145145,0.6082113341003124,1.21642266819212,1.1753659977075677
554.8348348348349,0.607876718244717,1.2157534364875244,1.1763698452677587
555.1551551551552,0.6075425128019553,1.2150850255983061,1.1773724615997385
555.4754754754755,0.6072087173048191,1.2144174346093644,1.1783738480858166
555.7957957957958,0.6068753312969929,1.213750662592958,1.1793740061100493
556.1161161161161,0.6065423543132787,1.213084708628511,1.1803729370582103
556.4364364364365,0.6062097858925884,1.2124195717896533,1.1813706423177581
556.7567567567568,0.60587762557512,1.2117552511470673,1.1823671232778128
557.0770770770771,0.6055458728932799,1.2110917457742731,1.183362381332447
557.3973973973974,0.6052145273800213,1.2104290547526169,1.1843564178673616
557.7177177177177,0.6048835885753299,1.20976717714823,1.1853492342764402
558.038038038038,0.6045530560101433,1.209106112031391,1.1863408319584658
558.3583583583584,0.6042229292281901,1.2084458584547046,1.1873312123171051
558.6786786786787,0.6038932077542893,1.2077864155015827,1.1883203767441277
558.998998998999,0.6035638911218196,1.2071277822454964,1.189308326632684
559.3193193193193,0.6032349788680507,1.2064699577411417,1.1902950633908074
559.6396396396397,0.6029064705230316,1.2058129410489837,1.1912805884279847
559.95995995996,0.6025783656228935,1.2051567312355447,1.1922649031415617
560.2802802802803,0.6022506636897496,1.2045013273834801,1.1932480089267703
560.6006006006006,0.6019233642630167,1.2038467285262615,1.1942299072107219
560.9209209209209,0.6015964668698283,1.2031929337423155,1.1952105993878563
561.2412412412413,0.6012699710428244,1.2025399420863156,1.1961900868708601
561.5615615615616,0.6009438763092596,1.2018877526204925,1.1971683710702476
561.8818818818819,0.600618182200832,1.2012363644014215,1.1981454533977467
562.2022022022022,0.600292888242325,1.2005857764914163,1.1991213352662586
562.5225225225225,0.5999679939707571,1.1999359879394036,1.2000960180898395
562.8428428428429,0.5996434989059987,1.19928699780687,1.2010695032871312
563.1631631631632,0.5993194025783818,1.198638805154111,1.202041792267507
563.4834834834835,0.5989957045173607,1.1979914090343367,1.2030128864483025
563.8038038038038,0.5986724042514036,1.1973448084937337,1.2039827872548627
564.1241241241241,0.5983495012973018,1.196699002603027,1.2049514960996712
564.4444444444445,0.5980269951960595,1.1960539903903227,1.2059190144136178
564.7647647647648,0.5977048854644574,1.1954097709278992,1.2068853436076432
565.0850850850851,0.5973831716321119,1.1947663432567854,1.207850485111103
565.4054054054054,0.597061853222061,1.1941237064376788,1.20881444034026
565.7257257257257,0.5967409297602319,1.193481859520496,1.2097772107192724
566.0460460460461,0.5964204007735153,1.192840801546247,1.2107387976802375
566.3663663663664,0.5961002657852096,1.1922005315692448,1.2116992026455455
566.6866866866867,0.5957805243187279,1.1915610486393406,1.2126584270419316
567.007007007007,0.5954611758990815,1.1909223518039835,1.213616472296935
567.3273273273273,0.5951422200565819,1.1902844401009778,1.2145733398424403
567.6476476476477,0.5948236563034304,1.1896473125997329,1.2155290310968367
567.967967967968,0.5945054841660289,1.1890109683333416,1.2164835475006295
568.2882882882883,0.5941877031723953,1.1883754063468308,1.217436890480774
568.6086086086086,0.5938703128421945,1.1877406256893148,1.2183890614684907
568.9289289289289,0.5935533127014055,1.1871066254029405,1.2193400618956538
569.2492492492493,0.5932367022648608,1.1864734045403447,1.2202898931947945
569.5695695695696,0.5929204810656945,1.185840962138867,1.2212385567954385
569.8898898898899,0.5926046486188259,1.1852092972389963,1.2221860541421778
570.2102102102102,0.592289204446692,1.1845784088948177,1.2231323866584904
570.5305305305305,0.5919741480720558,1.1839482961487142,1.22407755577923
570.8508508508509,0.5916594790176488,1.1833189580279795,1.2250215629543717
571.1711711711712,0.5913451968005649,1.1826903936014452,1.22596440959799
571.4914914914915,0.591031300943585,1.1820626018953369,1.226906097161078
571.8118118118118,0.5907177909733837,1.1814355819534086,1.2278466270732076
572.1321321321321,0.5904046664071417,1.1808093328101326,1.2287860007827256
572.4524524524525,0.590091926761887,1.1801838535217213,1.2297242197163916
572.7727727727728,0.5897795715606277,1.1795591431270125,1.2306612853123597
573.0930930930931,0.5894676003277582,1.1789352006482783,1.2315971990239636
573.4134134134134,0.5891560125797085,1.1783120251523282,1.2325319622679631
573.7337337337337,0.5888448078362842,1.1776896156615715,1.2334655765021443
574.0540540540541,0.5885339856169512,1.1770679712280565,1.2343980431549924
574.3743743743744,0.5882235454449578,1.1764470908886446,1.2353293636663976
574.6946946946947,0.5879134868403911,1.1758269736681266,1.2362595394914822
575.015015015015,0.587603809319387,1.1752076186435128,1.2371885720371
575.3353353353353,0.5872945124060577,1.1745890248050976,1.2381164627888448
575.6556556556557,0.5869855956143146,1.1739711912279482,1.239043213157737
575.975975975976,0.5866770584691974,1.173354116938377,1.2399688245924259
576.2962962962963,0.5863689004893373,1.172737800983947,1.2408932985267158
576.6166166166166,0.5860611211901962,1.1721222423925817,1.241816636417222
576.936936936937,0.5857537200940925,1.1715074402078152,1.2427388396980923
577.2572572572573,0.5854466967295027,1.1708933934517582,1.243659909818739
577.5775775775776,0.5851400506027781,1.1702801011912867,1.2445798482059351
577.8978978978979,0.5848337812349184,1.16966756244816,1.2454986563169215
578.2182182182182,0.5845278881464964,1.1690557762825555,1.2464163355709479
578.5385385385385,0.5842223708596957,1.1684447417072261,1.2473328874330782
578.8588588588589,0.583917228880823,1.1678344577812583,1.248248313337919
579.1791791791792,0.5836124617533996,1.1672249235188643,1.2491626147277362
579.4994994994995,0.5833080689859176,1.1666161379692825,1.2500757930447999
579.8198198198198,0.5830040500944256,1.166008100174189,1.2509878497313853
580.1401401401401,0.5827004045867239,1.1654008091912569,1.2518987862220192
580.4604604604605,0.5823971320088713,1.164794264009035,1.2528086039820938
580.7807807807808,0.5820942318536275,1.164188463715796,1.2537173044305765
581.1011011011011,0.5817917036570363,1.163583407325692,1.2546248890172715
581.4214214214214,0.5814895469315444,1.1629790938842794,1.255531359184176
581.7417417417417,0.5811877612096278,1.1623755224172008,1.2564367163731716
582.0620620620621,0.5808863459911874,1.1617726919827778,1.257340962026035
582.3823823823824,0.5805853008075096,1.161170601600272,1.2582440975922182
582.7027027027027,0.5802846251689175,1.1605692503413927,1.25914612448969
583.023023023023,0.5799843186072522,1.1599686372094886,1.2600470441832592
583.3433433433433,0.579684380631823,1.159368761261969,1.260946858106208
583.6636636636637,0.579384810767119,1.1587696215334293,1.2618455676994518
583.983983983984,0.5790856085334347,1.1581712170628755,1.2627431744036899
584.3043043043043,0.5787867734477677,1.1575735468928416,1.2636396796593903
584.6246246246246,0.5784883050252432,1.1569766100759278,1.264535084898829
584.944944944945,0.578190202807329,1.156380405606879,1.2654293915857922
585.2652652652653,0.577892466291881,1.1557849325719816,1.2663226011361375
585.5855855855856,0.5775950950003738,1.1551901900024393,1.2672147149971869
585.9059059059059,0.5772980884569452,1.154596176935027,1.2681057346080278
586.2262262262262,0.5770014462027524,1.1540028923898336,1.268995661407414
586.5465465465466,0.5767051677223123,1.1534103354439071,1.2698844968337804
586.8668668668669,0.5764092525618999,1.152818505104855,1.2707722423332453
587.1871871871872,0.5761137002246467,1.1522274004559911,1.2716588993193623
587.5075075075075,0.575818510247813,1.1516370204985673,1.2725444692536196
587.8278278278278,0.5755236821416726,1.1510473643015218,1.2734289535568055
588.1481481481482,0.5752292154347088,1.1504584308755368,1.2743123536897543
588.4684684684685,0.5749351096388309,1.1498702192969,1.2751946710642692
588.7887887887888,0.5746413642956368,1.1492827285720875,1.2760759071322756
589.1091091091091,0.5743479788987479,1.1486959577966755,1.2769560633045764
589.4294294294294,0.5740549529874654,1.1481099059721518,1.277835141040383
589.7497497497498,0.5737622860829674,1.147524572151203,1.2787131417658295
590.0700700700701,0.5734699776988016,1.1469399553782462,1.279590066922952
590.3903903903904,0.5731780273638926,1.1463560547156821,1.2804659179204252
590.7107107107107,0.5728864345977717,1.145772869186552,1.2813406962156764
591.031031031031,0.5725951989280182,1.145190397839219,1.282214403232763
591.3513513513514,0.5723043198691852,1.1446086397273925,1.2830870404034223
591.6716716716717,0.5720137969492333,1.1440275938919289,1.2839586091588377
591.991991991992,0.5717236296902893,1.1434472593883793,1.2848291109213315
592.3123123123123,0.5714338176153678,1.1428676352471134,1.2856985471375189
592.6326326326326,0.5711443602532517,1.1422887205098284,1.2865669192369198
592.952952952953,0.5708552571193874,1.1417105142488861,1.2874342286317262
593.2732732732733,0.570566507743501,1.1411330154979946,1.2883004767585045
593.5935935935936,0.5702781116539241,1.1405562233012103,1.2891656650448655
593.9139139139139,0.5699900683595777,1.1399801367310074,1.290029794909415
594.2342342342342,0.5697023774013334,1.1394047547950186,1.290892867803648
594.5545545545546,0.5694150382990061,1.1388300765729178,1.291754885128076
594.8748748748749,0.5691280505616334,1.13825610112227,1.2926158483160965
595.1951951951952,0.5688414137422622,1.1376828274572537,1.293475758800484
595.5155155155155,0.5685551273386064,1.1371102546819032,1.2943346179794903
595.8358358358358,0.5682691908970959,1.1365383818014803,1.295192427301424
596.1561561561562,0.5679836039429321,1.1359672078770415,1.2960491881800262
596.4764764764765,0.5676983659911856,1.1353967319720235,1.2969049020367909
596.7967967967968,0.5674134765680813,1.1348269531394544,1.2977595702924645
597.1171171171171,0.5671289352103641,1.1342578704226047,1.2986131943670312
597.4374374374374,0.566844741434782,1.1336894829026145,1.2994657756626036
597.7577577577578,0.566560894788007,1.1331217895629508,1.3003173156490424
598.0780780780781,0.5662773947680431,1.1325547895393129,1.301167815692644
598.3983983983984,0.5659942409232976,1.131988481849269,1.3020172772274332
598.7187187187187,0.5657114327721535,1.131422865575594,1.3028657016522525
599.039039039039,0.5654289698568734,1.1308579397089704,1.3037130904341563
599.3593593593594,0.5651468516919302,1.1302937033549105,1.3045594449531592
599.6796796796797,0.5648650778092376,1.1297301556025718,1.3054047665881907
600.0,0.564583647736453,1.1291672954595438,1.3062490568040033
