Temperature (T),Cao,Ca,Cb,Cc
280.0,0.800000011920929,0.7949172818864143,1.9898345399309707,0.015248190103543849
280.0,0.9333332777023315,0.9274133387386411,1.988160122072619,0.01775981689107137
280.0,1.0666667222976685,1.0599123584379018,1.9864912722804668,0.020263091579299824
280.0,1.0666667222976685,1.0599123584379018,1.9864912722804668,0.020263091579299845
280.0,1.2000000476837158,1.1924140275926047,1.984827959817778,0.02275806027333282
280.0547790527344,0.8518561720848083,0.8464072756633758,1.989102207157135,0.016346689264297564
280.29412841796875,1.162562608718872,1.1549129373635365,1.9847006572893287,0.022949014066007002
280.33056640625,0.8862919211387634,0.8804102898395477,1.9882367374015686,0.017644893897646962
280.6717224121094,0.8961984515190125,0.8899725184104919,1.9875481337829588,0.018677799325561902
280.8194580078125,0.8894165754318237,0.8831134148879528,1.9873936789122582,0.018909481631612927
281.0404357910156,0.9946726560592651,0.9874227247947429,1.9855001374709556,0.02174979379356661
281.1713562011719,1.0606120824813843,1.0527527671770687,1.9842813693913688,0.023577945912946926
281.6802978515625,0.9820147156715393,0.9742187984580206,1.9844081655729626,0.02338775164055573
282.29864501953125,1.0720680952072144,1.0628457297005955,1.9815552689867624,0.02766709651985658
282.9753112792969,1.1905471086502075,1.179379294481469,1.9776643716625226,0.03350344250621594
283.0055847167969,0.9900304675102234,0.9806721943142233,1.9812834536079997,0.028074819588000448
283.51312255859375,0.8413655757904053,0.8328430844090088,1.982955017237207,0.025567474144189594
284.54315185546875,0.9599353671073914,0.9488519440474792,1.9778331538801757,0.03325026917973651
284.61285400390625,1.0598591566085815,1.0475399124809257,1.9753615117446885,0.036957732382967276
284.7873840332031,1.0569539070129395,1.0443899141624722,1.9748720142990657,0.03769197855140155
285.3957214355469,0.8165711164474487,0.8060184905718019,1.9788947482487063,0.03165787762694078
285.9942321777344,0.9245391488075256,0.9116835127479018,1.9742887278807524,0.03856690817887161
286.4373779296875,0.9598017334938049,0.9457032320255886,1.9718029970635673,0.0422955044046491
286.72235107421875,0.9999861121177673,0.9847812518813872,1.9695902795272398,0.04561458070914039
286.7582092285156,1.0107109546661377,0.9952789280489144,1.9691359467655534,0.0462960798516701
287.8323669433594,0.9731594920158386,0.9561633105793623,1.9660076371270474,0.0509885443094288
288.29315185546875,1.1021506786346436,1.081874571297873,1.959447785326459,0.060828322010311776
288.4537353515625,0.8477060198783875,0.8316554564208276,1.9678988730848803,0.048151690372679724
289.00677490234375,1.0160284042358398,0.995580712854386,1.9591046172370923,0.06134307414436154
289.9484558105469,1.0976496934890747,1.0730030343765256,1.950706681774902,0.07393997733764723
289.9999694824219,0.8666666746139526,0.8468896703568054,1.9604459914857055,0.05933101277144161
289.9999694824219,1.1333333253860474,1.1077687198139723,1.9488707888558499,0.07669381671622516
290.0,0.8666666666666667,0.8468895902985253,1.9604458472637172,0.05933122910442422
290.0,1.0,0.9773125339687041,1.9546250679374082,0.06806239809388798
290.0,1.1333333333333333,1.1077686351803606,1.9488706036940544,0.07669409445891856
290.58624267578125,1.1735841035842896,1.14526992111928,1.943371635069981,0.08494254739502861
290.8292236328125,0.9185982942581177,0.8955198859907583,1.9538431834652812,0.06923522480207836
290.87249755859375,0.8914055824279785,0.8688662765547767,1.9549213882535963,0.0676179176196057
291.43060302734375,0.9872735738754272,0.9607494716187511,1.9469517954866478,0.07957230677002873
291.885986328125,0.9454337358474731,0.9185967843348462,1.946326096974746,0.08051085453788118
292.1326904296875,0.9329613447189331,0.9056945860491096,1.945466482660353,0.08180027600947071
292.4637451171875,1.0589483976364136,1.0270296611688052,1.9361625270647833,0.09575620940282524
292.7392272949219,0.80377596616745,0.7783992887645448,1.9492466451941897,0.07613003220871545
294.2228698730469,1.1257003545761108,1.084575895393621,1.9177510816350203,0.12337337754746933
294.5802917480469,1.1642675399780273,1.1201632017757615,1.911791323595468,0.13231301460679773
294.5899353027344,0.9307780861854553,0.8948924608108656,1.9282287492508206,0.10765687612376887
294.5931091308594,0.8700472712516785,0.8363443172929571,1.9325940920825573,0.10110886187616415
294.6896667480469,1.1385245323181152,1.0948020952828272,1.912555125929424,0.13116731110586377
295.1545715332031,1.1306650638580322,1.084987788716927,1.9086454497177898,0.1370318254233152
295.7157287597656,1.1898040771484375,1.139011956721454,1.898415759146033,0.15237636128095036
295.7419738769531,1.0172144174575806,0.9730716205783391,1.911714406241517,0.13242839063772446
295.9264831542969,1.0660128593444824,1.019020929146006,1.906016139603047,0.14097579059542978
296.2654113769531,0.8820513486862183,0.8411235029323441,1.9181443084922516,0.12278353726162258
296.31707763671875,0.891792893409729,0.8502195000642436,1.9168532133090292,0.12472018003645637
296.4474792480469,1.0755586624145508,1.0255148523445285,1.8999123798599558,0.15013143021006647
296.65289306640625,0.947399377822876,0.9018582521254117,1.9089177486050715,0.13662337709239283
297.1480712890625,0.8180128931999207,0.7761031650170744,1.9161805436343076,0.1257291845485384
297.2635803222656,0.8647780418395996,0.8201301386816051,1.910704193684011,0.13394370947398349
297.2727966308594,1.0687988996505737,1.0146027186618505,1.8916076380225533,0.1625885429661703
297.5296936035156,0.992050290107727,0.9400323167596533,1.8959640533038524,0.15605392004422144
297.7987060546875,1.178842306137085,1.116438392230565,1.87519217218696,0.18721174171956012
297.80548095703125,1.0229326486587524,0.9679281087232962,1.8899909201290874,0.16501361980636853
298.255126953125,0.851157009601593,0.8024149221496114,1.9025158250960368,0.14622626235594458
298.5484924316406,1.1485830545425415,1.0828844029612208,1.8686026968373584,0.19709595474396213
298.6412048339844,1.1908023357391357,1.1223615647509426,1.863118458023614,0.2053223129645791
298.7014465332031,0.8867279291152954,0.8338004819752574,1.894145105719924,0.15878234142011402
299.1441955566406,1.1350345611572266,1.066121262951088,1.8621734035877227,0.20673989461841613
299.3585205078125,1.0704487562179565,1.0036223902509052,1.866347268065897,0.20047909790115417
299.45257568359375,1.0754777193069458,1.0077607157706734,1.8645659929274554,0.20315101060881716
299.6239013671875,1.167726755142212,1.0937459383377723,1.8520383663911208,0.22194245041331886
300.0,0.800000011920929,0.745137506268044,1.89027498869423,0.1645875169586549
300.0,0.800000011920929,0.745137506268044,1.89027498869423,0.16458751695865487
300.0,0.9333332777023315,0.8703484871666498,1.8740304189286365,0.18895437160704498
300.0,0.9333332777023315,0.8703484871666498,1.8740304189286365,0.18895437160704517
300.0,1.0666667222976685,0.9958086623308584,1.85828388006638,0.21257417990043012
300.0,1.0666667222976685,0.9958086623308584,1.85828388006638,0.21257417990043012
300.0,1.0666667222976685,0.9958086623308584,1.85828388006638,0.2125741799004302
300.0,1.0666667222976685,0.9958086623308584,1.85828388006638,0.21257417990043018
300.0,1.2000000476837158,1.1215044851006042,1.8430088748337767,0.23548668774933518
300.0,1.2000000476837158,1.1215044851006042,1.8430088748337767,0.23548668774933473
302.51580810546875,1.1343293190002441,1.04030040540385,1.8119421728072118,0.28208674078918233
302.890625,1.0884724855422974,0.9946287427037401,1.8123125143228855,0.28153122851567197
303.5107116699219,1.0790327787399292,0.9807600272387652,1.803454496997672,0.29481825450349225
304.982177734375,0.8553845286369324,0.7638471819871805,1.8169253067004962,0.274612039949256
307.0890808105469,1.1614506244659424,1.0227768946527716,1.7226525403736581,0.41602118943951244
307.3085021972656,0.9451914429664612,0.8254889962452935,1.7605951065576646,0.3591073401635031
307.50030517578125,1.0836536884307861,0.94825163897304,1.7291959010845077,0.4062061483732385
307.8042907714844,1.0760434865951538,0.9383559972456319,1.7246250213009562,0.41306246804856583
309.0347900390625,0.9096941947937012,0.7778865375286539,1.7363846854699054,0.3954229717951419
309.6670227050781,0.9213278889656067,0.7821394831607268,1.7216231883902402,0.4175652174146397
310.3545837402344,0.8542013764381409,0.7167039271110254,1.725005101345769,0.4124923479813467
310.79345703125,0.9860743284225464,0.8278296769577834,1.683510697070474,0.4747339543942888
311.5332336425781,0.9106405377388,0.7544046617956138,1.6875282481136276,0.46870762782955855
311.5368347167969,0.8365132212638855,0.6901607444240406,1.7072950463203103,0.4390574305195346
312.35430908203125,0.9556070566177368,0.784998601683007,1.6587830901305403,0.5118253648041898
312.63775634765625,1.0031245946884155,0.8231969661421163,1.6401447429074016,0.5397828856388974
312.7872619628906,1.1887098550796509,0.9836577898897939,1.589895869620286,0.615156195569571
313.7718200683594,0.959217369556427,0.7730965679427773,1.6277583967727005,0.5583624048409495
313.77239990234375,0.8736815452575684,0.6999748008856986,1.6525865112562605,0.5211202331156091
314.77618408203125,0.8079285025596619,0.6343744175832442,1.6528918300471647,0.5206622549292529
315.2308349609375,1.048093557357788,0.8332253337229212,1.5702635527302662,0.6446046709046008
315.5226745605469,1.1280473470687866,0.8985888703818767,1.5410830466261802,0.6883754300607294
315.8036804199219,1.1438344717025757,0.90888964218045,1.5301103409557486,0.7048344885663771
316.5158386230469,0.8936869502067566,0.6884296894438866,1.58948547847426,0.6157717822886098
317.1909484863281,0.9662862420082092,0.7419908882140533,1.5514092924116882,0.6728860613824678
317.2119445800781,0.8791899085044861,0.6690724058310392,1.5797649946531063,0.6303525080203405
318.8919982910156,1.1744182109832764,0.8985485657271902,1.4482607094878277,0.8276089357682586
319.5539855957031,0.9521661996841431,0.7046158555993417,1.5048993118303973,0.7426510322544039
319.9989013671875,1.156497836112976,0.8704053203747733,1.4278149685235944,0.8582775472146084
320.0,0.8666666666666667,0.6299524495992112,1.526571565865089,0.7101426512023667
320.0,0.8666666746139526,0.6299524560503598,1.5265715628728145,0.7101426556907785
320.0,1.0,0.739339870043878,1.478679740087756,0.781980389868366
320.0,1.1333333253860474,0.8508296187037504,1.434992586635406,0.8475111200468908
320.0,1.1333333333333333,0.8508296254060456,1.4349925841454245,0.8475111237818633
320.4282531738281,1.0104447603225708,0.7433141941416229,1.4657388676381042,0.8013916985428439
322.1636047363281,0.8486728072166443,0.5937236368512542,1.4901016592692198,0.7648475110961704
322.4190368652344,0.8870152831077576,0.6218242173940918,1.4696178685726684,0.7955731971409974
322.4892883300781,0.8193964958190918,0.5673118558067272,1.4958307199752707,0.7562539200370937
323.1075134277344,1.182513952255249,0.8570057796124951,1.3489836547144922,0.9765245179282618
323.4449157714844,0.8013272881507874,0.5440067109731151,1.4853588456446556,0.7719617315330166
324.0895690917969,1.1512093544006348,0.8201561173638489,1.3378935259264282,0.9931597111103576
325.0602722167969,0.8169089555740356,0.5411251257501107,1.4484323403521502,0.8273514894717751
326.715576171875,0.9341878294944763,0.6175553080357379,1.3667349570825231,0.9498975643762153
326.90106201171875,1.0764750242233276,0.7298347976675644,1.3067195468884736,1.0399206796672897
329.03521728515625,1.1719554662704468,0.7873866535887246,1.2308623746365557,1.1537064380451665
329.7638854980469,1.1090689897537231,0.729370449666678,1.2406029198259096,1.1390956202611355
329.929931640625,1.0119826793670654,0.6500446088568341,1.2761238589795374,1.0858142115306941
330.6366882324219,1.1984927654266357,0.7945624284680638,1.192139326082856,1.211791010875716
331.02764892578125,1.0286158323287964,0.653840445296227,1.2504492259348612,1.124326161097708
332.388427734375,0.810483992099762,0.4755288425622558,1.3300897009249877,1.0048654486125186
332.493408203125,1.0095194578170776,0.626795391264906,1.2345518668956568,1.1481721996565146
332.724853515625,0.9258401989936829,0.5600013261184571,1.2683222542495485,1.0975166186256775
334.5248107910156,1.0547007322311401,0.646850608120477,1.1842997517786737,1.2235503723319896
334.94091796875,1.0929646492004395,0.6741621194232197,1.1623949404455605,1.2564075893316595
335.20391845703125,1.0642590522766113,0.649456917020265,1.1703957294873073,1.2444064057690392
335.2522888183594,1.0081868171691895,0.6050850301485693,1.1937964259587597,1.2093053610618603
335.52471923828125,0.8057422637939453,0.45050378439798977,1.289523041208089,1.0657154381878668
336.5048828125,1.1318461894989014,0.694125506800235,1.1245586346026673,1.313162048095999
337.0285949707031,1.063768744468689,0.6364504949745503,1.1453635010117227,1.281954748482416
338.3365478515625,1.0363532304763794,0.6065591542573237,1.1404118475618885,1.2893822286571675
338.36309814453125,0.9153037667274475,0.5137742661582237,1.1969409988615525,1.2045885017076714
338.4969177246094,1.1328762769699097,0.681805699400266,1.0978588448607127,1.353211732708931
338.64251708984375,0.9131054878234863,0.5104704808525583,1.194729986058144,1.207905020912784
339.0585021972656,1.0226749181747437,0.5915198935516817,1.137689950753876,1.2934650738691857
339.7967224121094,1.0034695863723755,0.5723505534500357,1.1377619341553205,1.2933570987670195
340.0,0.800000011920929,0.42028634046151686,1.240572657081176,1.1391410143782363
340.0,0.800000011920929,0.42028634046151686,1.240572657081176,1.1391410143782363
340.0,0.9333332777023315,0.5178586493668292,1.1690507433289954,1.246423885006507
340.0,0.9333332777023315,0.5178586493668292,1.1690507433289954,1.246423885006507
340.0,1.0666667222976685,0.6202750507640936,1.1072166569328503,1.3391750146007249
340.0,1.0666667222976685,0.6202750507640936,1.1072166569328503,1.3391750146007249
340.0,1.0666667222976685,0.6202750507640935,1.10721665693285,1.3391750146007249
340.0,1.0666667222976685,0.6202750507640935,1.10721665693285,1.3391750146007246
340.0,1.2000000476837158,0.7266773380700388,1.0533545807726459,1.419968128841031
340.0,1.2000000476837158,0.7266773380700389,1.053354580772646,1.4199681288410309
340.4802551269531,1.159495234489441,0.6911766097268406,1.0633627504747993,1.404955874287801
341.305419921875,0.854259729385376,0.4525153978538141,1.1965113369368763,1.2052329945946856
341.4748229980469,0.9855566620826721,0.5493711566586889,1.1276289891520335,1.3085565162719497
341.7202453613281,1.152806043624878,0.6788797514898854,1.052147415730015,1.4217788764049772
341.7362976074219,0.8565475344657898,0.4520094774890552,1.1909238860465308,1.2136141709302035
341.87689208984375,0.9800739884376526,0.5430938214836051,1.126039666091905,1.3109405008621426
342.4538269042969,1.0301498174667358,0.5785025151111333,1.0967053952887948,1.354941907066808
343.2673645019531,1.0848724842071533,0.6169993223926875,1.0642536763710684,1.4036194854433977
343.5082092285156,1.0995208024978638,0.6273208497458365,1.0556000944959454,1.4165998582560821
343.6589050292969,0.9065595865249634,0.4793181902279363,1.1455172074059459,1.281724188891081
343.9859313964844,1.0869343280792236,0.6151080857760697,1.056347515393692,1.4154787269094615
344.4490661621094,1.1122323274612427,0.632811397489746,1.0411581400570071,1.4382627899144895
345.87847900390625,1.0042880773544312,0.5426206434232785,1.0766651321376945,1.3850023017934583
346.51092529296875,0.9135834574699402,0.4721299580831878,1.1170930012264955,1.3243604981602568
346.55963134765625,1.0764955282211304,0.595358436611236,1.0377258167802115,1.443411274829683
346.5979309082031,1.1989364624023438,0.692345922767997,0.9868189207313064,1.5197716189030404
347.2564392089844,1.1192249059677124,0.625965255491547,1.0134806990476695,1.4797789514284958
347.63629150390625,0.8992507457733154,0.4572379149632275,1.115974338379824,1.326038492430264
347.8276062011719,0.956136167049408,0.4984120813536893,1.0845518286085627,1.3731722570871558
348.45257568359375,0.9309104681015015,0.4773573151231792,1.0928936940433553,1.360659458934967
348.4747619628906,1.0117839574813843,0.537851041868675,1.0521341687745818,1.4217987468381275
348.57080078125,0.9918971657752991,0.5224166206163421,1.061038909682086,1.408441635476871
349.52294921875,1.0281982421875,0.5464871335793087,1.0365777827836173,1.4451333258245738
349.5233459472656,1.0337400436401367,0.5507256819779757,1.0339712766756781,1.449043084986483
349.6252136230469,0.8300437927246094,0.40068052508047647,1.1412734647117342,1.2880898029323988
349.6899719238281,1.1617324352264404,0.6502189868452036,0.9769731032375266,1.5345403451437103
349.710693359375,0.9094803929328918,0.4571548289407895,1.0953488720157953,1.356976691976307
350.0,0.8666666666666667,0.4253089007873191,1.117284468241305,1.3240732976380427
350.0,1.0,0.5233512181912394,1.0467024363824786,1.4299463454262822
350.0,1.1333333253860474,0.6265416380358424,0.9864166252995903,1.5203750620506147
350.0,1.1333333333333333,0.626541644319461,0.9864166219722553,1.520375067041617
350.07354736328125,1.05290687084198,0.5634794516998164,1.0211451617156728,1.4682822574264909
350.24346923828125,1.1453279256820679,0.63516797416283,0.9796800969615242,1.5304798545577136
351.13671875,1.186814308166504,0.665137089058169,0.9566455617833305,1.5650316573250043
351.1549377441406,1.098525881767273,0.5951365735167211,0.9932213834988967,1.510167924751655
351.28826904296875,1.0682861804962158,0.5711684506113542,1.0057645402302768,1.491353189654585
351.4136962890625,1.0662680864334106,0.5691882491154023,1.0058403253639834,1.491239511954025
351.72601318359375,0.950314462184906,0.48042170615305624,1.0602144879363005,1.4096782680955495
352.05694580078125,0.8556597232818604,0.41094080095058766,1.1105621553374547,1.334156766993818
353.1024169921875,0.8721879720687866,0.41955071840845365,1.0947254926793337,1.3579117609809992
353.4959716796875,1.1432504653930664,0.6227658977364918,0.9590308646868505,1.5614537029697242
353.6809997558594,0.958748996257782,0.48069269972546275,1.0438874069353616,1.4341688895969573
353.923095703125,1.1481784582138062,0.625373058148093,0.954389199868573,1.5684162001971405
354.0313720703125,1.0434609651565552,0.5434510165987583,0.9999801028844061,1.5000298456733907
354.1683654785156,0.9306251406669617,0.45861214045066057,1.0559739995673978,1.4160390006489032
355.0689392089844,1.0111093521118164,0.5158856125564886,1.0095525208893443,1.4856712186659837
355.3530578613281,1.0417659282684326,0.5383857335538965,0.9932396105709278,1.5101405841436082
355.6238098144531,0.893838107585907,0.42804014196892876,1.0684040687660434,1.3973938968509347
355.7830810546875,0.9298646450042725,0.45364654997805837,1.0475638099475721,1.4286542850786421
355.78497314453125,1.162122368812561,0.6310718572693199,0.9378989769135175,1.5931515346297236
356.0183410644531,0.9062185287475586,0.4359034309384881,1.0593698043818591,1.4109452934272113
356.27069091796875,0.848307728767395,0.39418738643951406,1.0917593153442384,1.3623610269836426
356.4756164550781,1.0483933687210083,0.5404196195754599,0.9840525017089029,1.5239212474366457
356.69976806640625,0.800040066242218,0.3599268936812391,1.1197736548780421,1.320339517682937
357.2757263183594,1.0092034339904785,0.5085941522901491,0.9987814365993406,1.501827845100989
357.5505676269531,0.9125053882598877,0.43659434037781647,1.0481779042358577,1.4277331436462135
357.6683654785156,1.1083461046218872,0.5836965082438498,0.9507008072439255,1.573948789134112
357.9764709472656,1.1622334718704224,0.6253750206416314,0.9262830975424186,1.6105753536863723
358.2738037109375,0.8150151371955872,0.36645420758406394,1.1028781407769537,1.3456827888345697
358.2767639160156,0.9386957883834839,0.4538458243731742,1.0303000719793804,1.4545498920309294
358.6753845214844,0.9706776738166809,0.47640505872744054,1.0114547698215195,1.482817845267721
358.8735656738281,1.1898326873779297,0.6451686260698851,0.9106718773839108,1.6339921839241338
359.2604064941406,0.8429715633392334,0.3834755791049792,1.0810080315314914,1.3784879527027627
359.8805236816406,0.8185242414474487,0.36533694483825707,1.0936254067816167,1.359561889827575
360.0,0.800000011920929,0.35253177257123447,1.1050635213006104,1.3424047180490841
360.0,0.800000011920929,0.3525317725712344,1.1050635213006104,1.3424047180490841
360.0,0.9333332777023315,0.4459919919458917,1.02531742848712,1.4620238572693198
360.0,0.9333332777023315,0.44599199194589156,1.0253174284871203,1.4620238572693198
360.0,1.0666667222976685,0.545779942128692,0.958226439662048,1.5626603405069284
360.0,1.0666667222976685,0.5457799421286925,0.9582264396620478,1.5626603405069286
360.0,1.0666667222976685,0.5457799421286923,0.9582264396620478,1.5626603405069281
360.0,1.0666667222976685,0.5457799421286925,0.9582264396620477,1.5626603405069286
360.0,1.2000000476837158,0.6506422071218332,0.9012843188762333,1.6480735216856495
360.0,1.2000000476837158,0.6506422071218327,0.9012843188762335,1.6480735216856495
360.19598388671875,0.9560104608535767,0.46212011778603757,1.0122193138649216,1.4816710292026178
360.7156677246094,0.9096182584762573,0.4273186399879521,1.0354007630233903,1.446898855464915
362.9063415527344,0.9136069416999817,0.42569503034003353,1.0241761772801032,1.4637357340798447
363.3123474121094,0.8997632265090942,0.41501550097886725,1.0305045489395461,1.454243176590681
363.79107666015625,1.03700590133667,0.515083562910762,0.9561553231481835,1.5657670152777245
364.2991027832031,0.8907581567764282,0.40676185356962613,1.032007393586395,1.4519889096204073
366.24542236328125,1.1754013299942017,0.6180600435227657,0.885317427057127,1.672023859414309
366.59130859375,1.1058768033981323,0.5627084934007268,0.9136633800051888,1.6295049299922166
366.924560546875,0.9479770660400391,0.44310973159573097,0.9902653311113842,1.514602003332924
367.6444091796875,0.862237811088562,0.38095802334060735,1.0374404245040902,1.4438393632438644
367.81927490234375,1.0731021165847778,0.5352008100496192,0.924197386929683,1.6137039196054759
368.08673095703125,1.0037709474563599,0.48223399233915626,0.9569260897655928,1.5646108653516106
369.2924499511719,0.8921695351600647,0.39922901194946325,1.0141189535787973,1.4788215696318041
370.2460021972656,0.8216759562492371,0.3491737274157824,1.0549955423330903,1.4175066865003645
370.3309631347656,1.134129524230957,0.5783825176463956,0.8885059868308768,1.6672410197536844
370.5877990722656,1.0229203701019287,0.49248568821781874,0.9391306362317812,1.5913040456523286
372.9168395996094,1.0102930068969727,0.479468578007569,0.9383511422211908,1.592473286668213
374.1097412109375,0.8115575313568115,0.33696747120152465,1.050819879689427,1.42377018046586
374.2546081542969,1.0260403156280518,0.489317661401398,0.9265546915466942,1.6101679626799597
374.75286865234375,1.0922422409057617,0.5390479248545048,0.8936113678974861,1.6595829481537705
375.5069580078125,1.119778037071228,0.5593440601671632,0.879132046191872,1.681301930712193
375.786376953125,0.9010128974914551,0.3960636145335232,0.9901014340841368,1.5148478488737953
377.06884765625,0.8529002666473389,0.3610083597508371,1.016216186206995,1.4756757206895068
378.08355712890625,0.9115924835205078,0.4005457371638359,0.9779065072866564,1.5331402390700153
379.03778076171875,1.0823521614074707,0.5255949996698931,0.8864856765248448,1.6702714852127327
379.06353759765625,0.9260032773017883,0.40954916477036696,0.9670917749371583,1.5493623375942633
379.4608459472656,1.0922118425369263,0.532637386649338,0.8808510882248213,1.678723367662767
379.9999694824219,0.8666666746139526,0.36682885221788586,1.0003243552078658,1.4995134671882009
379.9999694824219,1.0,0.46219642621002743,0.9243928524200556,1.6134107213699167
379.9999694824219,1.1333333253860474,0.5639045139680273,0.8611423771639581,1.708286434254062
380.0,0.8666666666666667,0.36682881014961327,1.0003242869658917,1.4995135695511619
380.0,1.0,0.46219638796109996,0.9243927759222007,1.6134108361166994
380.0,1.1333333333333333,0.5639044811203382,0.8611422955740051,1.70828655663899
380.7933349609375,0.8567808270454407,0.3591136580529997,1.0046656620151204,1.4930015069773206
381.2486572265625,1.1718460321426392,0.5926815730364974,0.8416710817877158,1.7374933773184262
382.5364990234375,1.1697685718536377,0.5894398561714657,0.8393425686356606,1.7409861470465111
382.9822692871094,1.0113972425460815,0.4670218693399099,0.9112492535876534,1.6331261196185183
383.02886962890625,1.075656533241272,0.5154823370109507,0.8796516075393609,1.6805225886909605
383.1988220214844,0.8521724939346313,0.3532138283587575,1.0020826688482523,1.4968759967276217
383.3992919921875,0.8258703351020813,0.33528940230847226,1.0188381344127837,1.4717427983808256
383.45513916015625,1.0166587829589844,0.47038208898137474,0.9074466120447824,1.6388300819328276
385.2596740722656,0.9638869166374207,0.429457486948988,0.9311411406231401,1.6032882890652922
385.7481994628906,0.9097076058387756,0.3901748603936804,0.9609345091098132,1.5585982363352824
386.8460388183594,1.1515045166015625,0.5699353060828637,0.8368615789626008,1.744707631556098
387.1119384765625,1.1401393413543701,0.5607032332195395,0.8411277837303343,1.7383083244044966
387.8284606933594,1.185963749885559,0.5961216007543677,0.8203157017376137,1.769526447393578
388.4648132324219,1.0956089496612549,0.5245656462428602,0.857913393163213,1.7131299102551818
388.6605224609375,1.0152268409729004,0.4634368446300671,0.896420007314334,1.6553699890284992
389.0302734375,0.8238750100135803,0.3280350714143699,1.008320122801578,1.4875198157976324
389.9502258300781,0.9217298030853271,0.3941693172338716,0.9448790282970841,1.582681457554371
391.12994384765625,0.9950490593910217,0.4458777062718797,0.9016572937617209,1.6475140593574211
392.8716735839844,0.805415689945221,0.3121637793282353,1.0134961787660381,1.4797557318509473
393.227783203125,1.0347315073013306,0.4732029409257843,0.8769428672488991,1.6845856991266475
393.48187255859375,1.0026700496673584,0.4490806325472516,0.8928211657597898,1.6607682513603168
393.6470031738281,1.1475590467453003,0.5594830881315014,0.8238480827724066,1.764227875841392
393.7644348144531,1.0766843557357788,0.5044207533626273,0.8554727952536963,1.7167908071194553
395.0773010253906,1.1036161184310913,0.5237807999982264,0.8403293631342678,1.7395059552985974
395.5395812988281,0.9715691804885864,0.4242557991385426,0.9053732372999065,1.6419401440501373
397.462646484375,1.1761635541915894,0.5782217952548178,0.8041164821264501,1.7938252768103211
397.5162048339844,0.9635334014892578,0.4165233580457402,0.9059799131129629,1.6410301303305546
398.33636474609375,0.9885274767875671,0.4339143971111541,0.8907738406471685,1.6638392390292445
398.8735046386719,1.0930964946746826,0.5119267379436032,0.8376604865378323,1.743509270193247
399.0213317871094,0.9098668694496155,0.37696171380072213,0.9341896887022112,1.5987154669466823
399.2203063964844,1.025864601135254,0.4606625384790597,0.8695958746876119,1.6956061879685822
399.3333740234375,1.031051516532898,0.4644281406755466,0.8667532482853094,1.6998701275720418
399.6297912597656,1.004786491394043,0.4446366904587781,0.8797003981294667,1.6804494028057981
400.0,0.800000011920929,0.30220432088318666,1.0044086179245264,1.4933870731132162
400.0,0.800000011920929,0.30220432088318977,1.0044086179245215,1.4933870731132173
400.0,0.9333332777023315,0.39257717554426746,0.9184877956838718,1.6222683064741925
400.0,0.9333332777023315,0.3925771755442672,0.9184877956838722,1.6222683064741923
400.0,1.0666667222976685,0.49064355663074544,0.8479536686661557,1.7280694970007673
400.0,1.0666667222976685,0.4906435566307426,0.8479536686661588,1.7280694970007668
400.0,1.0666667222976685,0.4906435566307487,0.8479536686661527,1.7280694970007668
400.0,1.0666667222976685,0.4906435566307462,0.8479536686661551,1.728069497000767
400.0,1.2000000476837158,0.5947408487776429,0.7894816021878434,1.81577759671823
400.0,1.2000000476837158,0.5947408487776343,0.7894816021878495,1.8157775967182317
400.2747497558594,1.0125832557678223,0.44979365561360646,0.8744207996915663,1.6883688004626494
400.45220947265625,1.1097404956817627,0.5232523925479383,0.8270237937323472,1.7594643094014768
401.5287780761719,1.172742486000061,0.5715825652836003,0.7976801585670884,1.8034797621493721
402.43804931640625,1.1647897958755493,0.5644346247506198,0.7992896577501515,1.8010655133747784
402.86004638671875,1.001075267791748,0.438903655252311,0.8756567749211305,1.6865148376183066
402.9963073730469,1.1442537307739258,0.5477484073695515,0.8069893531912476,1.789515970213127
403.0458984375,1.0201021432876587,0.45280310308168337,0.8654019195880528,1.7018971206179228
403.31463623046875,1.0840764045715332,0.5008190574873531,0.8334853058316571,1.749772041252523
403.3997802734375,1.077967882156372,0.49607152866403037,0.836207293015318,1.7456890604770237
403.8921813964844,1.023114562034607,0.4542714835181883,0.8623138429671542,1.7065292355492643
403.9860534667969,0.9686247706413269,0.4142174622090778,0.8911853831354769,1.663221925296772
404.33056640625,1.1860631704330444,0.5795497224931268,0.7869731041201555,1.819540343819762
404.4558410644531,1.167349100112915,0.5645872062042101,0.7944762121826106,1.8082856817260944
405.19097900390625,0.9641830325126648,0.40993920794874,0.8915123508721339,1.6627314736917906
405.6365661621094,1.1313502788543701,0.5352327993341345,0.8077650409595096,1.7883524385607261
405.9185485839844,1.0491241216659546,0.47191431695606434,0.8455803905802083,1.731629414129682
406.06402587890625,0.8686880469322205,0.34238861936041776,0.9474011448564007,1.5788982827154021
406.4829406738281,1.0307607650756836,0.45764340273896426,0.8537652753265678,1.7193520870101517
406.8064880371094,0.8805159330368042,0.3497995004110998,0.9385671347485879,1.5921492978771166
407.10699462890625,0.8349152207374573,0.31894438664632974,0.968058331817751,1.5479125022733764
407.1181335449219,1.1279566287994385,0.5312542730719366,0.8065952885450067,1.790107067182495
407.21942138671875,0.8108431696891785,0.3031335719217381,0.9845808044651204,1.52312879330232
407.49212646484375,1.1903411149978638,0.5800913831710844,0.7795005363464572,1.830749195480322
407.6567687988281,0.9245714545249939,0.3795973031227462,0.9100516971955178,1.63492245420673
407.71728515625,1.1853153705596924,0.575888135835107,0.7811455305508145,1.828281704173771
407.74591064453125,0.92955082654953,0.38302616057284117,0.9069506680466051,1.6395739979300834
408.343505859375,1.108957290649414,0.5154226502891066,0.8129307192793833,1.780603921080924
408.56048583984375,0.8667917251586914,0.3390127174156866,0.9444419845139912,1.5833370232290138
408.6452941894531,1.0483033657073975,0.46888568022216176,0.8411646290295209,1.738253056455715
408.6778259277344,1.0296504497528076,0.4548857708215506,0.8504706421374993,1.7242940367937578
409.46405029296875,1.1296823024749756,0.5305241259698452,0.801683646989724,1.7974745295154066
409.6903076171875,1.05332612991333,0.4717599117135893,0.836867563600525,1.7446986545992156
410.0,0.8666666666666667,0.33774203138057424,0.9421507294278335,1.5867739058582586
410.0,0.8666666746139526,0.33774203674124265,0.9421507242545866,1.5867739136181236
410.0,1.0,0.4318067212403433,0.8636134424806922,1.7045798362789644
410.0,1.1333333253860474,0.5329034082674432,0.7991401657627908,1.8012897513558135
410.0,1.1333333333333333,0.5329034144699533,0.799140162273235,1.8012897565901451
410.2430114746094,0.9694197773933411,0.40934112301844994,0.8798426912502207,1.6802359631246704
410.556396484375,0.9255608320236206,0.3778434644576451,0.9045652648680671,1.6431521026979088
410.68463134765625,1.145137906074524,0.5415419927235517,0.7928081732980691,1.8107877400529029
410.91497802734375,0.911029040813446,0.36738672165509806,0.9127153616833,1.6309269574750482
411.16558837890625,0.8243616223335266,0.3087362009056501,0.9687491571442561,1.5468762642836205
411.31549072265625,0.8586266040802002,0.331267525116235,0.9452818420720598,1.5820772368919056
411.48822021484375,0.975467324256897,0.41266085085801757,0.8743870532022291,1.6884194201966503
411.5381164550781,0.916697084903717,0.3708217428376175,0.9082493158677961,1.637626026198303
411.8380432128906,0.9280886650085449,0.37855588456172157,0.9009344391063365,1.648598341340487
412.2159729003906,0.833141028881073,0.3136467292638297,0.9610114007655164,1.5584828988517265
412.2234802246094,1.1020944118499756,0.5067598006575105,0.809330777615075,1.7860038335773898
412.246826171875,0.886979877948761,0.3497068602618018,0.9254539646260836,1.6118190530608758
412.28314208984375,0.9707828164100647,0.4086096087883973,0.8756535847566884,1.686519622864979
412.4780578613281,0.919693112373352,0.372141918949103,0.9048976131515057,1.6426535802727433
412.5691833496094,1.1552189588546753,0.5478378184634939,0.7852377192176689,1.8221434211735126
412.7484130859375,0.8016135096549988,0.2928142294090395,0.9824014395080882,1.526397840737871
413.5153503417969,0.86440110206604,0.3333802034816478,0.9379582028312268,1.5930626957531657
414.3448181152344,1.0090923309326172,0.4348377174306504,0.8514907729960649,1.7227638405059018
415.24395751953125,0.9529963135719299,0.39341174776175686,0.880830868379643,1.67875369743053
415.5206298828125,0.9875483512878418,0.418091392329613,0.8610860820835189,1.70837087687471
415.5989074707031,1.0090912580490112,0.43380404039278786,0.8494255646875798,1.7258616529686432
416.14337158203125,1.0778321027755737,0.48488013491171544,0.8140960642722822,1.778855903591576
416.6126403808594,0.974200963973999,0.40752667240103874,0.8666514168540608,1.7000228747188995
416.86029052734375,0.824447512626648,0.30437232982454515,0.9598496343958166,1.560225548406286
417.9083251953125,1.1547036170959473,0.542965719787232,0.7765242053825279,1.8352136919261877
418.53741455078125,1.1611603498458862,0.5475359036773486,0.7727511076629389,1.8408733385055989
419.71539306640625,0.9031408429145813,0.35489766350439483,0.9035136411796034,1.644729538230583
419.9900207519531,0.9930477738380432,0.41850917236740703,0.8509227970587284,1.7236158044119076
420.0,0.800000011920929,0.28633749765714483,0.972674971472436,1.5409875427913482
420.0,0.800000011920929,0.2863374976571522,0.9726749714724247,1.5409875427913522
420.0,0.9333332777023315,0.3757047283734019,0.8847429013421404,1.672885647986789
420.0,0.9333332777023315,0.3757047283734106,0.8847429013421304,1.6728856479867902
420.0,1.0666667222976685,0.4732621440328799,0.8131908434704518,1.780213734794337
420.0,1.0666667222976685,0.4732621440328944,0.8131908434704389,1.7802137347943354
420.0,1.0666667222976685,0.4732621440328937,0.8131908434704395,1.7802137347943352
420.0,1.0666667222976685,0.47326214403288697,0.8131908434704455,1.780213734794336
420.0,1.2000000476837158,0.5771879810907151,0.7543758668139919,1.8684361997790087
420.0,1.2000000476837158,0.5771879810907142,0.7543758668139926,1.868436199779009
420.12353515625,0.8891637325286865,0.3449985475265332,0.9116696299956983,1.632495555006455
420.1319580078125,0.9220157861709595,0.36767064015557926,0.8913097079692316,1.6630354380461485
420.18780517578125,0.9626976847648621,0.3964089287551156,0.8674224879804796,1.6988662680292668
421.5103759765625,1.0221259593963623,0.43868733224373757,0.8331227456947846,1.7503158814578401
421.7489013671875,1.0931767225265503,0.4920734595449537,0.7977934740367739,1.8033097889448226
422.3055725097656,0.8919068574905396,0.3452151085051828,0.9066165020292668,1.6400752469560902
422.3421325683594,1.062726616859436,0.46842118411942785,0.8113891345199883,1.7829162982200197
422.3793029785156,0.8033643960952759,0.2867475317161066,0.9667662712416728,1.5498505931374966
422.8764953613281,0.8296710848808289,0.3032934864112514,0.9472448030608792,1.5791327954086982
422.98419189453125,1.133201241493225,0.5220458820124434,0.7776892810384166,1.8334660784423646
423.069091796875,1.1811257600784302,0.559696896232109,0.7571422723074068,1.864286591538914
423.46380615234375,0.9374042749404907,0.3759083781728529,0.8770082064647119,1.6844876903029262
423.6568603515625,0.9002053141593933,0.34988331498341874,0.8993560016480615,1.6509659975279132
423.7480773925781,0.9658096432685852,0.3958845742709336,0.8601498620046744,1.7097752069929772
424.5131530761719,1.1288888454437256,0.5174872933443102,0.7771968958011951,1.8342046562982204
424.6184387207031,0.861916720867157,0.32325410651131825,0.9226747712883474,1.6159878430674917
424.9135437011719,1.0686055421829224,0.4708645406677367,0.8045179969696232,1.7932230045455628
424.94683837890625,0.9428544640541077,0.37863194522670107,0.8715549623451682,1.6926675564822384
425.484130859375,1.1622143983840942,0.5428404679172337,0.7612521390662468,1.8581217914006138
425.8550720214844,1.010189414024353,0.42651459185102797,0.8326503556533145,1.7510244665200105
426.3244323730469,0.9725818634033203,0.39879551366829086,0.8524273005299643,1.7213590492050652
426.63629150390625,1.1782928705215454,0.5546660479612588,0.752746354879485,1.8708804676808017
427.53411865234375,0.9893224835395813,0.40999203524249017,0.8413391034058053,1.7379913448912858
427.54925537109375,0.8976106643676758,0.3452298857918705,0.8952384428484176,1.6571423357273873
427.5673828125,0.9250701069831848,0.3641926516043979,0.8782450892424607,1.6826323661363263
428.014892578125,1.0393821001052856,0.4465114178060957,0.8142586354016154,1.7786120468975746
428.4175720214844,0.8364974856376648,0.303768162221275,0.9345413531672331,1.5981879702491566
428.5391540527344,0.8246432542800903,0.29599832894575945,0.9427101493313428,1.5859347760029883
428.5745544433594,1.0829823017120361,0.47899446945513585,0.7920243354861563,1.8119634967707436
428.70880126953125,1.1923147439956665,0.5642316013309059,0.7438337146705118,1.8842494279942485
429.02093505859375,0.9967233538627625,0.41427002071070385,0.8350933336958748,1.747359999456184
429.0704650878906,1.177318811416626,0.5520338063780406,0.7494299899227618,1.8758550151158235
429.4493408203125,0.9945147633552551,0.41234226292937615,0.8356549991481514,1.7465175012777274
429.5179443359375,1.1197971105575562,0.5065891475439286,0.7735840739727614,1.8396238890408663
429.88397216796875,1.06163489818573,0.46181365554723863,0.8003575147230649,1.7994637279154264
430.0,0.8666666666666667,0.32255199615272256,0.9117706589720713,1.632344011541873
430.0,0.8666666746139526,0.3225520014578242,0.9117706536877384,1.6323440194683903
430.0,1.0,0.4159363708291958,0.8318727416584232,1.752190887512381
430.0,1.1333333253860474,0.5167473307638256,0.7668280107555412,1.8497579838666804
430.0,1.1333333333333333,0.5167473369581307,0.7668280072495797,1.8497579891256228
430.2017822265625,1.1463127136230469,0.5267388221882767,0.7608522171304534,1.8587216743043167
431.72528076171875,0.8218590021133423,0.29200540338071673,0.9402928025347408,1.5895607961978846
432.03326416015625,0.9821440577507019,0.4014709394562113,0.8386537634110062,1.7420193548834841
432.47235107421875,0.8322537541389465,0.29819775333186993,0.9318879983859506,1.6021680024211256
433.0039367675781,1.1941779851913452,0.5625005504737198,0.7366451305648055,1.8950323041528199
433.1380310058594,0.888491153717041,0.33502783438352585,0.8930733613329976,1.6603899580005175
433.38409423828125,0.8474182486534119,0.307457709369191,0.9200789214314729,1.6198816178527478
433.5320739746094,0.8182356357574463,0.28845843102674107,0.9404455905385939,1.5893316141921117
433.748291015625,0.8999940752983093,0.34243298722745974,0.8848778238582923,1.6726832642125573
434.16998291015625,0.8701557517051697,0.32196982432430377,0.9036281452382438,1.644557782142622
434.42327880859375,0.8572494387626648,0.3132192105872475,0.9119395436492097,1.6320906845262078
434.5081787109375,1.1624294519424438,0.5362147473701471,0.7475705908554382,1.8786441137168584
434.74334716796875,1.1906015872955322,0.5583720203381076,0.7355408660851238,1.8966887008723008
434.9779968261719,0.9008622765541077,0.34216874044983103,0.8826129277913952,1.6760806083128819
435.1187744140625,1.188280701637268,0.5562498780356634,0.7359383527968245,1.89609247080478
435.7908935546875,0.9841201901435852,0.4002016968594483,0.8321630134317166,1.7517554798524204
436.127197265625,1.03750741481781,0.4391546478800014,0.8032944661244582,1.7950583008133507
436.4493103027344,1.0600179433822632,0.4557906760597633,0.7915454653549913,1.8126818019675086
437.02972412109375,0.9421480298042297,0.3693874518496771,0.8544788440909292,1.7182817338636234
437.0371398925781,1.1365195512771606,0.5140603973134048,0.7550816920726462,1.8673774618911099
437.208251953125,1.0932860374450684,0.480518756317536,0.7744654377449337,1.8383018433825984
437.5363464355469,0.9506497979164124,0.37503350301726346,0.8487674102017412,1.726848884697408
437.7809143066406,0.9370421171188354,0.36528011551627476,0.8564759967948329,1.7152860048077276
437.8072509765625,1.1415449380874634,0.5174329985031074,0.7517761208313196,1.8723358187530363
439.6552734375,1.1736328601837158,0.5413640911395224,0.735462461911658,1.8968063071325354
440.0,0.800000011920929,0.2726791909438609,0.9453583580457686,1.5819624629312994
440.0,0.800000011920929,0.27267919094383175,0.9453583580458139,1.5819624629312834
440.0,0.9333332777023315,0.36116053466250575,0.8556545139203059,1.7165182291195196
440.0,0.9333332777023315,0.36116053466248144,0.8556545139203341,1.7165182291195162
440.0,1.0666667222976685,0.4582913492289031,0.7832492538625587,1.825126119206207
440.0,1.0666667222976685,0.4582913492288786,0.7832492538625803,1.8251261192062096
440.0,1.0666667222976685,0.45829134922895437,0.7832492538625135,1.8251261192062005
440.0,1.0666667222976685,0.4582913492289358,0.78324925386253,1.825126119206203
440.0,1.2000000476837158,0.5620979586686343,0.7241958219698261,1.9137062670452554
440.0,1.2000000476837158,0.5620979586685998,0.7241958219698503,1.9137062670452658
440.28118896484375,0.9879001975059509,0.39979259512653,0.8237847952412565,1.7643228071381643
440.31707763671875,1.071009635925293,0.4613546395317876,0.7806900072130951,1.8289649891804103
441.5077819824219,1.0949634313583374,0.4787669729563704,0.7676070831959666,1.8485893752060003
441.7938537597656,1.058765172958374,0.45108168093771456,0.7846330159588403,1.8230504760618191
442.2349548339844,0.9918757677078247,0.4013309748500326,0.8189104142844222,1.77163437857337
442.48858642578125,0.8362292051315308,0.29412453492209256,0.9157906595811237,1.6263140106283147
442.6560974121094,0.8164940476417542,0.28137781776253473,0.9297675402416268,1.6053486896375926
443.0962219238281,0.9349213242530823,0.3601790740863459,0.8505154996664285,1.724226750500308
443.2241516113281,1.0660399198532104,0.4555787993604527,0.77907775901435,1.8313833614784079
443.4765625,0.8045875430107117,0.27334896660639274,0.9375228471913698,1.593715729212949
443.62774658203125,1.1760410070419312,0.5404942801760743,0.7289065462682995,1.9066401805975572
443.65338134765625,0.8979070782661438,0.33428607914020997,0.872758001748089,1.6908629973778448
443.87835693359375,1.1003071069717407,0.4812237696813631,0.7618333254190828,1.8572500118712951
443.937255859375,0.9731342792510986,0.3866638731571215,0.8270591878120617,1.7594112182819153
444.14056396484375,0.9829654693603516,0.39359419149160335,0.8212574442624431,1.7681138336063051
445.42413330078125,0.8861353397369385,0.3251637954249755,0.8780569113759272,1.6829146329360356
445.79681396484375,0.969418466091156,0.3827601921813471,0.8266834521804335,1.7599748217293756
445.9137268066406,1.0634993314743042,0.4518272292740439,0.776655795599417,1.8350163066008434
446.4491882324219,0.9804903864860535,0.3902663573477444,0.81955194172333,1.7706720874149788
446.5369567871094,1.0833908319473267,0.46647883355335845,0.7661760032119216,1.8507359951820466
446.686279296875,1.169730544090271,0.5334073366864688,0.7273535851923769,1.9089696222114254
447.1151428222656,0.9444716572761536,0.364209682845572,0.8394760511389042,1.7407859232916771
447.41986083984375,1.0907114744186401,0.4714675291427926,0.7615121094483075,1.85773183582754
447.5897216796875,1.0840094089508057,0.4662410230564296,0.7644632282112838,1.8533051576830923
447.7030334472656,0.8266236186027527,0.2846563698887522,0.9160655025719688,1.6259017461420318
447.9002685546875,0.8344173431396484,0.28952988574459426,0.9102250852097529,1.6346623721853013
448.1116638183594,1.0687217712402344,0.4542922750597526,0.7711410076389056,1.8432884885415761
448.30877685546875,0.8434511423110962,0.29511031745747923,0.9033183502928591,1.645022474560758
448.3926696777344,0.8996781706809998,0.3324131676557307,0.8654699939494388,1.7017950090758303
448.76611328125,1.092168927192688,0.4716797829848065,0.7590217115842797,1.8614674326236016
449.2998046875,0.9030154943466187,0.3341043746745027,0.8621777606557143,1.7067333590164018
449.3931884765625,1.1860482692718506,0.5445252960434926,0.716954053543223,1.924568919685135
450.0,0.8666666666666667,0.30925796065169653,0.8851825879700376,1.6722261180449325
450.0,0.8666666746139526,0.30925796590707944,0.8851825825862578,1.6722261261206153
450.0,1.0,0.40204433937299666,0.8040886787460677,1.7938669818809359
450.0,1.1333333333333333,0.5026245753212821,0.7385824839758253,1.892126274036226
450.336669921875,0.913062572479248,0.3403134524391303,0.85450175991979,1.7182473601203279
451.32208251953125,0.9127943515777588,0.33950406529984417,0.853419427444246,1.7198708588336686
451.4085998535156,1.1878762245178223,0.544643073792176,0.7135336985489922,1.929699452176654
451.8472595214844,1.0288807153701782,0.42203185631172513,0.7863022818831401,1.8205465771753127
451.9111022949219,0.9819809794425964,0.38776638351125814,0.8115708081371817,1.7826437877941566
452.2021789550781,0.9615180492401123,0.37295553283000377,0.8228749671797373,1.7656875492303712
452.3248291015625,0.8754339814186096,0.31362706445675936,0.8763861660764005,1.6854207508854495
452.41815185546875,1.1232823133468628,0.4932209813199328,0.7398773359461179,1.8901839960808124
453.0610656738281,1.1204521656036377,0.49060840789497245,0.7403124845829508,1.8895312731257146
453.75830078125,1.17648184299469,0.5340552004227029,0.7151467148558224,1.9272799277161645
454.6161804199219,0.900981605052948,0.3293828986028324,0.8568025870997473,1.7147961193503682
454.72467041015625,1.021064281463623,0.41440956420930086,0.7866905654916652,1.8199641517626572
455.17999267578125,1.1525601148605347,0.5142670589207374,0.723413888120598,1.9148791678191992
455.2434387207031,0.9316044449806213,0.35002639250329115,0.836843895045191,1.744734157432139
455.4930419921875,0.9908177256584167,0.3918538298801346,0.8020722084433192,1.796891687334963
455.6416320800781,0.912685751914978,0.33672997041091357,0.8480884369920072,1.7278673445120574
455.80029296875,0.8329712748527527,0.2837968322849891,0.9016511148644222,1.6475233277033412
456.2882995605469,0.9834190011024475,0.38601720839991865,0.8051964145946537,1.7922053781078753
457.0899353027344,0.9089853763580322,0.3333103256918999,0.8486498986676291,1.7270251519985036
457.168701171875,1.1434053182601929,0.5058204112533111,0.7248301859861057,1.912754721020776
457.3838806152344,1.1418843269348145,0.5044945195702731,0.7252203852710845,1.9121694220934569
457.66156005859375,1.1688880920410156,0.5255367085201724,0.713297232958242,1.9300541505626012
458.2508850097656,0.9802425503730774,0.38250929504545056,0.8045334893446342,1.7931997659829926
458.3837890625,0.9652678370475769,0.37173290420391286,0.8129301343128953,1.780604798530769
459.5649719238281,0.8182202577590942,0.27223251529637826,0.9080245150746887,1.6379632273880274
459.7534484863281,0.8626431822776794,0.30068162992787034,0.8760768953004238,1.6858846570493853
459.8336486816406,1.0573209524154663,0.43813831433050604,0.7616347238301306,1.8575479142548297
459.8433532714844,1.0968444347381592,0.4680978420401329,0.7425068146039018,1.8862397780941245
460.0,0.800000011920929,0.26062352176914216,0.9212470196964812,1.6181294704553053
460.0,0.9333332777023315,0.34830351546719807,0.8299404755296809,1.7550892867054526
460.0,1.0666667222976685,0.44506607334036136,0.7567987020856315,1.8648019468716754
460.0,1.0666667222976685,0.44506607334046744,0.7567987020855278,1.864801946871673
460.0,1.2000000476837158,0.5487901947729443,0.6975802941784249,1.9536295587323464
