mode,mu_rxn,mu_mb,label_value,run,model_id,rmse_total,violation,violation_rxn,violation_mb
scale_both,1.0,0.1,1.0,0,PINN_rxn1p0_mb0p1,0.0415340653680958,0.0144251545210223,0.0137933593522926,0.015056949689752
scale_both,1.0,0.1,1.0,1,PINN_rxn1p0_mb0p1,0.0612351849423753,0.0211740111289963,0.0212367750612898,0.0211112471967027
scale_both,1.0,0.1,1.0,2,PINN_rxn1p0_mb0p1,0.0265567586460934,0.0172457776218314,0.0061801850643372,0.0283113701793255
scale_both,0.01,1.0,1.0,0,PINN_rxn0p01_mb1p0,0.0479761028987689,0.0821799594242946,0.1616869392898199,0.0026729795587692
scale_both,0.01,1.0,1.0,1,PINN_rxn0p01_mb1p0,0.0354878940406489,0.0629538627531982,0.1194731139252789,0.0064346115811175
scale_both,0.01,1.0,1.0,2,PINN_rxn0p01_mb1p0,0.0169753695155925,0.0707945615669229,0.139971634578488,0.001617488555358
scale_both,0.1,1.0,1.0,0,PINN_rxn0p1_mb1p0,0.0485440134260245,0.0263770110983409,0.0459921572525935,0.0067618649440882
scale_both,0.1,1.0,1.0,1,PINN_rxn0p1_mb1p0,0.0389518566608364,0.0367451279998574,0.0687480330985933,0.0047422229011215
scale_both,0.1,1.0,1.0,2,PINN_rxn0p1_mb1p0,0.017886492165376,0.0156174259282826,0.0281156878648658,0.0031191639916994
scale_both,0.5,1.0,1.0,0,PINN_rxn0p5_mb1p0,0.0271900640721794,0.0112052042264605,0.0130587367147692,0.0093516717381518
scale_both,0.5,1.0,1.0,1,PINN_rxn0p5_mb1p0,0.0988515896333417,0.0065213644788198,0.0060404956496154,0.0070022333080242
scale_both,0.5,1.0,1.0,2,PINN_rxn0p5_mb1p0,0.0545692724622342,0.0141354543116383,0.0229095684185865,0.0053613402046902
scale_both,0.2,1.0,1.0,0,PINN_rxn0p2_mb1p0,0.0251247801959279,0.0439605800314526,0.0643288926031144,0.0235922674597908
scale_both,0.2,1.0,1.0,1,PINN_rxn0p2_mb1p0,0.0109148504769757,0.0095295738156915,0.0148265779280121,0.0042325697033708
scale_both,0.2,1.0,1.0,2,PINN_rxn0p2_mb1p0,0.0192297078780904,0.021724756593679,0.0333150997914783,0.0101344133958797
rxn_only,0.0,0.0,0.0,0,PINN_rxn0p0_mb0p0,0.0041493533706427,0.0173811149493421,0.0334564757201444,0.0013057541785399
rxn_only,0.0,0.0,0.0,1,PINN_rxn0p0_mb0p0,0.0136336901933022,0.0645315045232056,0.1231106248729217,0.0059523841734896
rxn_only,0.0,0.0,0.0,2,PINN_rxn0p0_mb0p0,0.0042980882500365,0.0206233917819891,0.0391927868407886,0.0020539967231897
rxn_only,0.0,0.0,0.0,3,PINN_rxn0p0_mb0p0,0.0094524332879111,0.0326831152204763,0.0504134012666677,0.0149528291742849
rxn_only,0.0,0.0,0.0,4,PINN_rxn0p0_mb0p0,0.0165740920276519,0.0848392378132241,0.1692041010848275,0.0004743745416207
rxn_only,0.0,0.0,0.0,5,PINN_rxn0p0_mb0p0,0.0078019613616703,0.0407135312246458,0.0790578907305067,0.002369171718785
rxn_only,0.0,0.0,0.0,6,PINN_rxn0p0_mb0p0,0.0128762071263553,0.0716613953513577,0.1357271379925788,0.0075956527101366
rxn_only,0.0,0.0,0.0,7,PINN_rxn0p0_mb0p0,0.0060050035156013,0.0294747171586685,0.0565753337540647,0.0023741005632722
rxn_only,0.0,0.0,0.0,8,PINN_rxn0p0_mb0p0,0.0126881224314909,0.0619589847114781,0.1189872758077121,0.004930693615244
rxn_only,0.0,0.0,0.0,9,PINN_rxn0p0_mb0p0,0.0076262026667393,0.0267409375767467,0.0506836335874819,0.0027982415660114
rxn_only,0.0001,0.0,0.0001,0,PINN_rxn0p0001_mb0p0,0.0105796583701079,0.0496484502488985,0.0952702490954655,0.0040266514023315
rxn_only,0.0001,0.0,0.0001,1,PINN_rxn0p0001_mb0p0,0.0107679290537802,0.0481113950841884,0.0873005833981061,0.0089222067702707
rxn_only,0.0001,0.0,0.0001,2,PINN_rxn0p0001_mb0p0,0.0162786531266459,0.0806935672797869,0.1595146181745008,0.001872516385073
rxn_only,0.0001,0.0,0.0001,3,PINN_rxn0p0001_mb0p0,0.0117231196697348,0.0638184843430795,0.1203276242023478,0.0073093444838112
rxn_only,0.0001,0.0,0.0001,4,PINN_rxn0p0001_mb0p0,0.015606581358315,0.0721587109170466,0.1386689240722979,0.0056484977617953
rxn_only,0.0001,0.0,0.0001,5,PINN_rxn0p0001_mb0p0,0.0132011874223421,0.0594659241878075,0.1141446223930587,0.0047872259825564
rxn_only,0.0001,0.0,0.0001,6,PINN_rxn0p0001_mb0p0,0.0057132693608585,0.0204993608497271,0.0401002334403156,0.0008984882591385
rxn_only,0.0001,0.0,0.0001,7,PINN_rxn0p0001_mb0p0,0.0137229865142077,0.0600990485681142,0.1180253970676612,0.0021727000685671
rxn_only,0.0001,0.0,0.0001,8,PINN_rxn0p0001_mb0p0,0.003515440372476,0.0101619013255236,0.0154280837909016,0.0048957188601457
rxn_only,0.0001,0.0,0.0001,9,PINN_rxn0p0001_mb0p0,0.0110928470505521,0.0624586513202892,0.1139430317446699,0.0109742708959086
rxn_only,0.001,0.0,0.001,0,PINN_rxn0p001_mb0p0,0.005246527611898,0.0216673091616483,0.0407613663404841,0.0025732519828125
rxn_only,0.001,0.0,0.001,1,PINN_rxn0p001_mb0p0,0.0075818272069124,0.0280390795819489,0.0503239989321147,0.0057541602317831
rxn_only,0.001,0.0,0.001,2,PINN_rxn0p001_mb0p0,0.0163729165846477,0.0824460640881441,0.1635674252870328,0.0013247028892553
rxn_only,0.001,0.0,0.001,3,PINN_rxn0p001_mb0p0,0.0110586224823712,0.0571409530557299,0.1073293171276064,0.0069525889838535
rxn_only,0.001,0.0,0.001,4,PINN_rxn0p001_mb0p0,0.0151745478860821,0.0774451762387583,0.1530950406356599,0.0017953118418567
rxn_only,0.001,0.0,0.001,5,PINN_rxn0p001_mb0p0,0.0154880241506493,0.0714914820442701,0.1344469876752702,0.0085359764132699
rxn_only,0.001,0.0,0.001,6,PINN_rxn0p001_mb0p0,0.0133192576123547,0.0572380529636912,0.1107278079173319,0.0037482980100504
rxn_only,0.001,0.0,0.001,7,PINN_rxn0p001_mb0p0,0.0070056930332586,0.0216273252402759,0.0423861916976732,0.0008684587828787
rxn_only,0.001,0.0,0.001,8,PINN_rxn0p001_mb0p0,0.0161170272482776,0.0719622924345637,0.1395173921462168,0.0044071927229107
rxn_only,0.001,0.0,0.001,9,PINN_rxn0p001_mb0p0,0.0142851683165716,0.0783639969764032,0.1500347710805573,0.0066932228722491
rxn_only,0.01,0.0,0.01,0,PINN_rxn0p01_mb0p0,0.008632434523998,0.0252546465258326,0.040445883058638,0.0100634099930272
rxn_only,0.01,0.0,0.01,1,PINN_rxn0p01_mb0p0,0.0085409852869206,0.0208371266815656,0.0272807872675794,0.0143934660955518
rxn_only,0.01,0.0,0.01,2,PINN_rxn0p01_mb0p0,0.0114956854203116,0.052718047069574,0.0974132076046132,0.0080228865345349
rxn_only,0.01,0.0,0.01,3,PINN_rxn0p01_mb0p0,0.014922004499539,0.0674860364573466,0.1258976435332784,0.0090744293814147
rxn_only,0.01,0.0,0.01,4,PINN_rxn0p01_mb0p0,0.0096496397214479,0.0338580191841801,0.0650531562914085,0.0026628820769516
rxn_only,0.01,0.0,0.01,5,PINN_rxn0p01_mb0p0,0.0110073681417846,0.0263099697294627,0.0333576325063426,0.0192623069525828
rxn_only,0.01,0.0,0.01,6,PINN_rxn0p01_mb0p0,0.0096098598812018,0.0166375361221735,0.0219996316633547,0.0112754405809922
rxn_only,0.01,0.0,0.01,7,PINN_rxn0p01_mb0p0,0.0174554329317734,0.074040133281864,0.1437442078878577,0.0043360586758703
rxn_only,0.01,0.0,0.01,8,PINN_rxn0p01_mb0p0,0.0074473852248798,0.0139597848154126,0.021887879064256,0.0060316905665692
rxn_only,0.01,0.0,0.01,9,PINN_rxn0p01_mb0p0,0.0093632018453785,0.0214775324555586,0.0371887889630628,0.0057662759480544
rxn_only,0.05,0.0,0.05,0,PINN_rxn0p05_mb0p0,0.0086129610470653,0.0155142785035776,0.015278468487805,0.0157500885193501
rxn_only,0.05,0.0,0.05,1,PINN_rxn0p05_mb0p0,0.0067993567703313,0.0135089056618831,0.0167633952329911,0.0102544160907751
rxn_only,0.05,0.0,0.05,2,PINN_rxn0p05_mb0p0,0.0206982325202178,0.0378603880820842,0.0480282400368874,0.027692536127281
rxn_only,0.05,0.0,0.05,3,PINN_rxn0p05_mb0p0,0.0063685794491419,0.0139913005325273,0.0254862464042431,0.0024963546608116
rxn_only,0.05,0.0,0.05,4,PINN_rxn0p05_mb0p0,0.0093174125396139,0.0135476379962441,0.0223418300803644,0.0047534459121237
rxn_only,0.05,0.0,0.05,5,PINN_rxn0p05_mb0p0,0.0096558335853213,0.0148371689154376,0.0171385821646744,0.0125357556662008
rxn_only,0.05,0.0,0.05,6,PINN_rxn0p05_mb0p0,0.0101945783822819,0.0152005384917108,0.0160939082958342,0.0143071686875874
rxn_only,0.05,0.0,0.05,7,PINN_rxn0p05_mb0p0,0.0070838705660078,0.0136841858776707,0.0157326677261057,0.0116357040292357
rxn_only,0.05,0.0,0.05,8,PINN_rxn0p05_mb0p0,0.0065500151592416,0.0145145773408814,0.0204407692842054,0.0085883853975574
rxn_only,0.05,0.0,0.05,9,PINN_rxn0p05_mb0p0,0.0199560834130028,0.0407099419000878,0.0629113317732841,0.0185085520268914
rxn_only,0.1,0.0,0.1,0,PINN_rxn0p1_mb0p0,0.0063860156401649,0.0076261604257934,0.0116595682905322,0.0035927525610545
rxn_only,0.1,0.0,0.1,1,PINN_rxn0p1_mb0p0,0.0057206003805546,0.0099286314144557,0.0159708809616328,0.0038863818672786
rxn_only,0.1,0.0,0.1,2,PINN_rxn0p1_mb0p0,0.0143591840478733,0.022438496866283,0.0147124510103503,0.0301645427222156
rxn_only,0.1,0.0,0.1,3,PINN_rxn0p1_mb0p0,0.0088141799476358,0.0152204162986359,0.0122671777015383,0.0181736548957335
rxn_only,0.1,0.0,0.1,4,PINN_rxn0p1_mb0p0,0.0074818490614576,0.0139424118764392,0.0227160271452454,0.005168796607633
rxn_only,0.1,0.0,0.1,5,PINN_rxn0p1_mb0p0,0.0189100486010011,0.0297998175309891,0.0240460619342038,0.0355535731277745
rxn_only,0.1,0.0,0.1,6,PINN_rxn0p1_mb0p0,0.0072934484506058,0.0064700548782699,0.0087950037359597,0.0041451060205801
rxn_only,0.1,0.0,0.1,7,PINN_rxn0p1_mb0p0,0.0145884552603657,0.0158125397579663,0.0269175211719903,0.0047075583439423
rxn_only,0.1,0.0,0.1,8,PINN_rxn0p1_mb0p0,0.0066599127036206,0.0085057382184365,0.0080432274954267,0.0089682489414462
rxn_only,0.1,0.0,0.1,9,PINN_rxn0p1_mb0p0,0.0102026105582505,0.0134934661993578,0.0122681626664021,0.0147187697323134
rxn_only,0.2,0.0,0.2,0,PINN_rxn0p2_mb0p0,0.0058181158800277,0.0088315467025584,0.011401498859649,0.0062615945454678
rxn_only,0.2,0.0,0.2,1,PINN_rxn0p2_mb0p0,0.0073864884992159,0.0075649737371524,0.0079272542685207,0.0072026932057841
rxn_only,0.2,0.0,0.2,2,PINN_rxn0p2_mb0p0,0.0107091071761967,0.0161112259851783,0.0205788014105145,0.0116436505598422
rxn_only,0.2,0.0,0.2,3,PINN_rxn0p2_mb0p0,0.0094073662161423,0.0130072804715325,0.0130755936002611,0.0129389673428038
rxn_only,0.2,0.0,0.2,4,PINN_rxn0p2_mb0p0,0.013670499608335,0.0208232956638388,0.0099225493683496,0.031724041959328
rxn_only,0.2,0.0,0.2,5,PINN_rxn0p2_mb0p0,0.0111561784019333,0.0128013111459777,0.0060343981249123,0.019568224167043
rxn_only,0.2,0.0,0.2,6,PINN_rxn0p2_mb0p0,0.0084497431582488,0.0077672753787434,0.0115762192854274,0.0039583314720595
rxn_only,0.2,0.0,0.2,7,PINN_rxn0p2_mb0p0,0.011591372114649,0.0116480992818604,0.0146698601198526,0.0086263384438682
rxn_only,0.2,0.0,0.2,8,PINN_rxn0p2_mb0p0,0.0092649089505329,0.011231191536019,0.0098244076757482,0.0126379753962898
rxn_only,0.2,0.0,0.2,9,PINN_rxn0p2_mb0p0,0.0154769816505376,0.0155915504715363,0.0166305037677078,0.0145525971753649
rxn_only,0.5,0.0,0.5,0,PINN_rxn0p5_mb0p0,0.0101324320635002,0.0107599582946016,0.0069088618954625,0.0146110546937408
rxn_only,0.5,0.0,0.5,1,PINN_rxn0p5_mb0p0,0.0080365686067983,0.005988867569615,0.0056672720217366,0.0063104631174933
rxn_only,0.5,0.0,0.5,2,PINN_rxn0p5_mb0p0,0.0113946227679764,0.0072687320390952,0.0083645320826942,0.0061729319954962
rxn_only,0.5,0.0,0.5,3,PINN_rxn0p5_mb0p0,0.0151748903671659,0.015762667370049,0.0132621837962691,0.0182631509438289
rxn_only,0.5,0.0,0.5,4,PINN_rxn0p5_mb0p0,0.0086608273624924,0.0087960600069341,0.0059446489573145,0.0116474710565537
rxn_only,0.5,0.0,0.5,5,PINN_rxn0p5_mb0p0,0.0096019880494916,0.0046136673014212,0.0038333454122842,0.0053939891905581
rxn_only,0.5,0.0,0.5,6,PINN_rxn0p5_mb0p0,0.0257080299290153,0.0173266801747455,0.0173888076967892,0.0172645526527019
rxn_only,0.5,0.0,0.5,7,PINN_rxn0p5_mb0p0,0.0111192200821744,0.0134351547075025,0.0066687481020543,0.0202015613129507
rxn_only,0.5,0.0,0.5,8,PINN_rxn0p5_mb0p0,0.0259167192605153,0.0217861590057814,0.0168733581671497,0.0266989598444131
rxn_only,0.5,0.0,0.5,9,PINN_rxn0p5_mb0p0,0.013800223331753,0.0160035208347037,0.0075225662561355,0.0244844754132719
rxn_only,1.0,0.0,1.0,0,PINN_rxn1p0_mb0p0,0.024824767264476,0.0167557429623443,0.011986228826354,0.0215252570983345
rxn_only,1.0,0.0,1.0,1,PINN_rxn1p0_mb0p0,0.0389253574611736,0.0266070512773994,0.0124372942692067,0.0407768082855921
rxn_only,1.0,0.0,1.0,2,PINN_rxn1p0_mb0p0,0.0159752325268354,0.0147650152211106,0.0057384001798052,0.023791630262416
rxn_only,1.0,0.0,1.0,3,PINN_rxn1p0_mb0p0,0.0232123721620106,0.0198984141475307,0.0177720784500409,0.0220247498450206
rxn_only,1.0,0.0,1.0,4,PINN_rxn1p0_mb0p0,0.0318640586363394,0.0165041715663003,0.0097717797286693,0.0232365634039313
rxn_only,1.0,0.0,1.0,5,PINN_rxn1p0_mb0p0,0.0140833186956719,0.0116167143400184,0.0107531428651695,0.0124802858148673
rxn_only,1.0,0.0,1.0,6,PINN_rxn1p0_mb0p0,0.0413537231652615,0.0182941964152331,0.0190999188821064,0.0174884739483597
rxn_only,1.0,0.0,1.0,7,PINN_rxn1p0_mb0p0,0.0153443996476786,0.0146643351492648,0.0101928044955368,0.0191358658029928
rxn_only,1.0,0.0,1.0,8,PINN_rxn1p0_mb0p0,0.0191938925767228,0.0268520680963853,0.0112653219734831,0.0424388142192874
rxn_only,1.0,0.0,1.0,9,PINN_rxn1p0_mb0p0,0.0145601041003677,0.0187243512524307,0.0066172828205601,0.0308314196843012
rxn_only,2.0,0.0,2.0,0,PINN_rxn2p0_mb0p0,0.0555407082582438,0.0207601246559208,0.0113375763033689,0.0301826730084727
rxn_only,2.0,0.0,2.0,1,PINN_rxn2p0_mb0p0,0.0832499129378744,0.0391261645219519,0.0244003445816855,0.0538519844622182
rxn_only,2.0,0.0,2.0,2,PINN_rxn2p0_mb0p0,0.0172776890681303,0.0175946784018183,0.0055594618140303,0.0296298949896062
rxn_only,2.0,0.0,2.0,3,PINN_rxn2p0_mb0p0,0.0698832293106485,0.050696576399859,0.0125199097198036,0.0888732430799145
rxn_only,2.0,0.0,2.0,4,PINN_rxn2p0_mb0p0,0.0116775852770185,0.0101416395110743,0.0040365494728095,0.0162467295493392
rxn_only,2.0,0.0,2.0,5,PINN_rxn2p0_mb0p0,0.03011192441843,0.0165998873158213,0.0067758564439423,0.0264239181877003
rxn_only,2.0,0.0,2.0,6,PINN_rxn2p0_mb0p0,0.0135888846389529,0.0105973907720356,0.0039201279213224,0.0172746536227488
rxn_only,2.0,0.0,2.0,7,PINN_rxn2p0_mb0p0,0.021798482915084,0.0237430339746208,0.0066395679289085,0.040846500020333
rxn_only,2.0,0.0,2.0,8,PINN_rxn2p0_mb0p0,0.0300495005727967,0.0155905775051157,0.0073302933079334,0.023850861702298
rxn_only,2.0,0.0,2.0,9,PINN_rxn2p0_mb0p0,0.0350367950067738,0.0408912510473574,0.0038749219703204,0.0779075801243945
rxn_only,5.0,0.0,5.0,0,PINN_rxn5p0_mb0p0,0.0508254590511324,0.0106816314860587,0.0048544494481973,0.0165088135239201
rxn_only,5.0,0.0,5.0,1,PINN_rxn5p0_mb0p0,0.7245773500364923,1.0554077751187545,0.0205730634807338,2.0902424867567744
rxn_only,5.0,0.0,5.0,2,PINN_rxn5p0_mb0p0,0.0909005313142511,0.100675219937537,0.0095111431077355,0.1918392967673384
rxn_only,5.0,0.0,5.0,3,PINN_rxn5p0_mb0p0,0.1438734115903405,0.1730169502595395,0.0069070438840244,0.3391268566350547
rxn_only,5.0,0.0,5.0,4,PINN_rxn5p0_mb0p0,0.0679892622957905,0.0198616584045556,0.0099448376756554,0.0297784791334559
rxn_only,5.0,0.0,5.0,5,PINN_rxn5p0_mb0p0,0.1063691936454535,0.0255201382510767,0.0017266862959068,0.0493135902062466
rxn_only,5.0,0.0,5.0,6,PINN_rxn5p0_mb0p0,0.0666539884014741,0.0315718069157986,0.0052330666741773,0.0579105471574198
rxn_only,5.0,0.0,5.0,7,PINN_rxn5p0_mb0p0,0.082581932385771,0.0210723982758917,0.0055778253023496,0.0365669712494338
rxn_only,5.0,0.0,5.0,8,PINN_rxn5p0_mb0p0,0.0691503094916035,0.0148070481913043,0.0080537645417567,0.0215603318408519
rxn_only,5.0,0.0,5.0,9,PINN_rxn5p0_mb0p0,0.113594897345202,0.1383915495868064,0.0058780759626322,0.2709050232109807
rxn_only,10.0,0.0,10.0,0,PINN_rxn10p0_mb0p0,0.0476566264203377,0.028086904649411,0.004559931997358,0.0516138773014639
rxn_only,10.0,0.0,10.0,1,PINN_rxn10p0_mb0p0,0.0971028698300103,0.0389358728040994,0.0045613119673527,0.0733104336408462
rxn_only,10.0,0.0,10.0,2,PINN_rxn10p0_mb0p0,0.0712242046038967,0.0379781599790684,0.0037584358300312,0.0721978841281055
rxn_only,10.0,0.0,10.0,3,PINN_rxn10p0_mb0p0,0.0849988804429122,0.0955807235205976,0.0030517266834933,0.1881097203577019
rxn_only,10.0,0.0,10.0,4,PINN_rxn10p0_mb0p0,0.0761279305347041,0.0195112677012549,0.0033007769755688,0.0357217584269411
rxn_only,10.0,0.0,10.0,5,PINN_rxn10p0_mb0p0,0.0846339678021455,0.0184321156375031,0.00281532865862,0.0340489026163861
rxn_only,10.0,0.0,10.0,6,PINN_rxn10p0_mb0p0,0.0650695757401343,0.0510639818684144,0.003199282369812,0.0989286813670169
rxn_only,10.0,0.0,10.0,7,PINN_rxn10p0_mb0p0,0.1149895992737499,0.0510374468859345,0.0016169967123078,0.1004578970595612
rxn_only,10.0,0.0,10.0,8,PINN_rxn10p0_mb0p0,0.1102354525332355,0.0622526113223927,0.0024595052592629,0.1220457173855225
rxn_only,10.0,0.0,10.0,9,PINN_rxn10p0_mb0p0,0.1305811643556113,0.0257119267873364,0.0042885332865973,0.0471353202880756
mb_only,0.0,0.0,0.0,0,PINN_rxn0p0_mb0p0,0.0092857895768006,0.0391280641528762,0.0681599771067862,0.0100961511989661
mb_only,0.0,0.0,0.0,1,PINN_rxn0p0_mb0p0,0.0154096077671299,0.0722244187389902,0.1409924784500148,0.0034563590279656
mb_only,0.0,0.0,0.0,2,PINN_rxn0p0_mb0p0,0.0050971986926539,0.0147804512788448,0.0265151412207122,0.0030457613369773
mb_only,0.0,0.0,0.0,3,PINN_rxn0p0_mb0p0,0.0040535073219867,0.0117884240044463,0.0198737845777739,0.0037030634311187
mb_only,0.0,0.0,0.0,4,PINN_rxn0p0_mb0p0,0.013342708260621,0.0666191023022696,0.1273080598944461,0.0059301447100931
mb_only,0.0,0.0,0.0,5,PINN_rxn0p0_mb0p0,0.0028163718811665,0.0099710033278623,0.0178017331059893,0.0021402735497354
mb_only,0.0,0.0,0.0,6,PINN_rxn0p0_mb0p0,0.0164456846379012,0.0846624281956633,0.1680457746920854,0.0012790816992413
mb_only,0.0,0.0,0.0,7,PINN_rxn0p0_mb0p0,0.0063082198838502,0.0308611286743655,0.0575339836755837,0.0041882736731473
mb_only,0.0,0.0,0.0,8,PINN_rxn0p0_mb0p0,0.0144497574667181,0.0769474659179672,0.1501167825303312,0.0037781493056032
mb_only,0.0,0.0,0.0,9,PINN_rxn0p0_mb0p0,0.0137031114142934,0.049722891227853,0.082188301242786,0.0172574812129199
mb_only,0.0,0.0001,0.0001,0,PINN_rxn0p0_mb0p0001,0.0097242127682014,0.0351958838764947,0.0688345130420604,0.001557254710929
mb_only,0.0,0.0001,0.0001,1,PINN_rxn0p0_mb0p0001,0.014715571945335,0.0686790442414895,0.1343880661207413,0.0029700223622377
mb_only,0.0,0.0001,0.0001,2,PINN_rxn0p0_mb0p0001,0.0080674423279814,0.0348704720778471,0.0647309671277622,0.0050099770279319
mb_only,0.0,0.0001,0.0001,3,PINN_rxn0p0_mb0p0001,0.0112604394193015,0.0482223196936958,0.0876594654842471,0.0087851739031444
mb_only,0.0,0.0001,0.0001,4,PINN_rxn0p0_mb0p0001,0.0128022071305305,0.0506149333895762,0.091097505674306,0.0101323611048464
mb_only,0.0,0.0001,0.0001,5,PINN_rxn0p0_mb0p0001,0.0162905774839147,0.0830391514868821,0.165145246830702,0.0009330561430621
mb_only,0.0,0.0001,0.0001,6,PINN_rxn0p0_mb0p0001,0.0053919516839146,0.0178594417046794,0.0338781499618335,0.0018407334475252
mb_only,0.0,0.0001,0.0001,7,PINN_rxn0p0_mb0p0001,0.0143683066022956,0.0667927021506447,0.1277784268564065,0.0058069774448828
mb_only,0.0,0.0001,0.0001,8,PINN_rxn0p0_mb0p0001,0.0170138368367882,0.0794365176611121,0.1545514733700123,0.0043215619522118
mb_only,0.0,0.0001,0.0001,9,PINN_rxn0p0_mb0p0001,0.013934691708419,0.0682642652741193,0.1325229712821433,0.0040055592660953
mb_only,0.0,0.001,0.001,0,PINN_rxn0p0_mb0p001,0.0026241809276355,0.0111562697036412,0.0187283735421042,0.0035841658651783
mb_only,0.0,0.001,0.001,1,PINN_rxn0p0_mb0p001,0.0103264409781374,0.0572158423234541,0.1039235667367956,0.0105081179101126
mb_only,0.0,0.001,0.001,2,PINN_rxn0p0_mb0p001,0.0121758917319442,0.0442689790527855,0.0781772552512809,0.0103607028542901
mb_only,0.0,0.001,0.001,3,PINN_rxn0p0_mb0p001,0.0074762461222288,0.0281886834962558,0.0451585141149334,0.0112188528775781
mb_only,0.0,0.001,0.001,4,PINN_rxn0p0_mb0p001,0.0098464533207183,0.03927864443085,0.0691478540710951,0.0094094347906049
mb_only,0.0,0.001,0.001,5,PINN_rxn0p0_mb0p001,0.0148149253281903,0.0723117966941185,0.1391188807893616,0.0055047125988754
mb_only,0.0,0.001,0.001,6,PINN_rxn0p0_mb0p001,0.014615148629401,0.0719161588574519,0.1334195290854333,0.0104127886294704
mb_only,0.0,0.001,0.001,7,PINN_rxn0p0_mb0p001,0.0078137787151336,0.0367049013979015,0.0704190357027406,0.0029907670930625
mb_only,0.0,0.001,0.001,8,PINN_rxn0p0_mb0p001,0.0156980222652891,0.0775866077636373,0.1503128271522834,0.0048603883749912
mb_only,0.0,0.001,0.001,9,PINN_rxn0p0_mb0p001,0.008149900183634,0.03683532486911,0.0710731711617349,0.0025974785764851
mb_only,0.0,0.01,0.01,0,PINN_rxn0p0_mb0p01,0.0057919611484903,0.0188045364517195,0.0350752601440423,0.0025338127593967
mb_only,0.0,0.01,0.01,1,PINN_rxn0p0_mb0p01,0.0112577053048446,0.0554278873844821,0.104571509540402,0.0062842652285623
mb_only,0.0,0.01,0.01,2,PINN_rxn0p0_mb0p01,0.0049873808238035,0.0190617808121853,0.0356081650647585,0.002515396559612
mb_only,0.0,0.01,0.01,3,PINN_rxn0p0_mb0p01,0.0082714441261911,0.0396265575451171,0.0750856284692005,0.0041674866210337
mb_only,0.0,0.01,0.01,4,PINN_rxn0p0_mb0p01,0.0028201003839705,0.0087693577759323,0.0164229572165892,0.0011157583352754
mb_only,0.0,0.01,0.01,5,PINN_rxn0p0_mb0p01,0.0164260757716728,0.0844781592740802,0.1684168311679285,0.000539487380232
mb_only,0.0,0.01,0.01,6,PINN_rxn0p0_mb0p01,0.0107478838471441,0.04522044171468,0.0861854557659795,0.0042554276633805
mb_only,0.0,0.01,0.01,7,PINN_rxn0p0_mb0p01,0.0129581909415452,0.0654304937161444,0.1288068554065285,0.0020541320257604
mb_only,0.0,0.01,0.01,8,PINN_rxn0p0_mb0p01,0.0092756343681258,0.0295727170655601,0.0501312272923744,0.0090142068387458
mb_only,0.0,0.01,0.01,9,PINN_rxn0p0_mb0p01,0.0064147547895453,0.0262214109374449,0.0484656585488906,0.0039771633259991
mb_only,0.0,0.05,0.05,0,PINN_rxn0p0_mb0p05,0.0137223324472094,0.0688557831412415,0.1345181403544869,0.0031934259279961
mb_only,0.0,0.05,0.05,1,PINN_rxn0p0_mb0p05,0.0126182078462089,0.0642360638879244,0.1249416398371804,0.0035304879386683
mb_only,0.0,0.05,0.05,2,PINN_rxn0p0_mb0p05,0.009167001542779,0.0504390002659438,0.0907441842633845,0.0101338162685032
mb_only,0.0,0.05,0.05,3,PINN_rxn0p0_mb0p05,0.0134338413151338,0.0590326003879031,0.1126082574022172,0.005456943373589
mb_only,0.0,0.05,0.05,4,PINN_rxn0p0_mb0p05,0.0133827902073655,0.0536729123122164,0.101464176702531,0.0058816479219018
mb_only,0.0,0.05,0.05,5,PINN_rxn0p0_mb0p05,0.0060559538052769,0.0151905073297304,0.0288917404187013,0.0014892742407595
mb_only,0.0,0.05,0.05,6,PINN_rxn0p0_mb0p05,0.0089466741841211,0.0367728094523805,0.0699455120072679,0.0036001068974932
mb_only,0.0,0.05,0.05,7,PINN_rxn0p0_mb0p05,0.0159489936067921,0.0841474098990217,0.1623118895405401,0.0059829302575034
mb_only,0.0,0.05,0.05,8,PINN_rxn0p0_mb0p05,0.0059776802349658,0.025134041185043,0.048697000167402,0.0015710822026839
mb_only,0.0,0.05,0.05,9,PINN_rxn0p0_mb0p05,0.0109871256361701,0.0479141693654057,0.0925696422026544,0.0032586965281571
mb_only,0.0,0.1,0.1,0,PINN_rxn0p0_mb0p1,0.011247909437384,0.0434239660507408,0.0843760638680932,0.0024718682333884
mb_only,0.0,0.1,0.1,1,PINN_rxn0p0_mb0p1,0.0159232821762609,0.0800478017042571,0.157629514322962,0.0024660890855523
mb_only,0.0,0.1,0.1,2,PINN_rxn0p0_mb0p1,0.009261651074214,0.0277714484482387,0.0533977365296532,0.0021451603668242
mb_only,0.0,0.1,0.1,3,PINN_rxn0p0_mb0p1,0.0163517110390139,0.0833833594989223,0.1659342599783151,0.0008324590195294
mb_only,0.0,0.1,0.1,4,PINN_rxn0p0_mb0p1,0.0129837532715079,0.0585078287445728,0.1114189164086155,0.0055967410805301
mb_only,0.0,0.1,0.1,5,PINN_rxn0p0_mb0p1,0.0144061529218997,0.0631641595443339,0.1227655309415045,0.0035627881471633
mb_only,0.0,0.1,0.1,6,PINN_rxn0p0_mb0p1,0.0141030205075182,0.0544411788587988,0.1020534860151776,0.0068288717024199
mb_only,0.0,0.1,0.1,7,PINN_rxn0p0_mb0p1,0.0146476306717363,0.0586762258818241,0.113204957125753,0.0041474946378953
mb_only,0.0,0.1,0.1,8,PINN_rxn0p0_mb0p1,0.0093204480895002,0.0400448791778447,0.0775785632854564,0.0025111950702329
mb_only,0.0,0.1,0.1,9,PINN_rxn0p0_mb0p1,0.0097366870157287,0.0373009046729454,0.0726031319836185,0.0019986773622724
mb_only,0.0,0.2,0.2,0,PINN_rxn0p0_mb0p2,0.0188988398752324,0.0712295247515539,0.1389339358712344,0.0035251136318733
mb_only,0.0,0.2,0.2,1,PINN_rxn0p0_mb0p2,0.0157949471773156,0.0678712539069569,0.1340074567546574,0.0017350510592563
mb_only,0.0,0.2,0.2,2,PINN_rxn0p0_mb0p2,0.0086365043785221,0.0355348650993335,0.0689503863002354,0.0021193438984317
mb_only,0.0,0.2,0.2,3,PINN_rxn0p0_mb0p2,0.0100559093141171,0.0435018308480351,0.0856517025113929,0.0013519591846774
mb_only,0.0,0.2,0.2,4,PINN_rxn0p0_mb0p2,0.0116502470662841,0.0569097535525421,0.1090265844964102,0.004792922608674
mb_only,0.0,0.2,0.2,5,PINN_rxn0p0_mb0p2,0.0169657829789687,0.0789685451551705,0.1550044873022806,0.0029326030080605
mb_only,0.0,0.2,0.2,6,PINN_rxn0p0_mb0p2,0.0150779842127237,0.0768517094776506,0.1474839486809294,0.0062194702743719
mb_only,0.0,0.2,0.2,7,PINN_rxn0p0_mb0p2,0.011520913914017,0.04774550616803,0.0906494664487985,0.0048415458872614
mb_only,0.0,0.2,0.2,8,PINN_rxn0p0_mb0p2,0.0147894913017215,0.0692044551477105,0.1374856402239551,0.0009232700714659
mb_only,0.0,0.2,0.2,9,PINN_rxn0p0_mb0p2,0.0167447649447622,0.0808967048550253,0.1615850645847279,0.0002083451253228
mb_only,0.0,0.5,0.5,0,PINN_rxn0p0_mb0p5,0.0322652695328776,0.075247034620135,0.1499872429802076,0.0005068262600624
mb_only,0.0,0.5,0.5,1,PINN_rxn0p0_mb0p5,0.0157753306212508,0.0663658385519458,0.1272829099818251,0.0054487671220665
mb_only,0.0,0.5,0.5,2,PINN_rxn0p0_mb0p5,0.0119915807106514,0.0455066988894009,0.0885826729290047,0.002430724849797
mb_only,0.0,0.5,0.5,3,PINN_rxn0p0_mb0p5,0.0298473311169763,0.0698256851274775,0.1359228097927216,0.0037285604622334
mb_only,0.0,0.5,0.5,4,PINN_rxn0p0_mb0p5,0.0165711182884695,0.0766088702799163,0.1514621787970687,0.0017555617627639
mb_only,0.0,0.5,0.5,5,PINN_rxn0p0_mb0p5,0.0100006276889531,0.0416884422216242,0.0775786774971887,0.0057982069460597
mb_only,0.0,0.5,0.5,6,PINN_rxn0p0_mb0p5,0.0058844912045175,0.018875799593517,0.0303170571460782,0.0074345420409559
mb_only,0.0,0.5,0.5,7,PINN_rxn0p0_mb0p5,0.0126792644197309,0.0615374079671663,0.1207469386315617,0.0023278773027708
mb_only,0.0,0.5,0.5,8,PINN_rxn0p0_mb0p5,0.0171951368342192,0.0803167322718971,0.1562518951503727,0.0043815693934216
mb_only,0.0,0.5,0.5,9,PINN_rxn0p0_mb0p5,0.0170854651032057,0.0681827743202217,0.1338570805778496,0.0025084680625938
mb_only,0.0,1.0,1.0,0,PINN_rxn0p0_mb1p0,0.0110926067878194,0.0343926797227046,0.0680879343823598,0.0006974250630495
mb_only,0.0,1.0,1.0,1,PINN_rxn0p0_mb1p0,0.0304834766170352,0.0582353470520573,0.1112473258243681,0.0052233682797464
mb_only,0.0,1.0,1.0,2,PINN_rxn0p0_mb1p0,0.0200117194485074,0.0792216684743163,0.1565513825516488,0.0018919543969837
mb_only,0.0,1.0,1.0,3,PINN_rxn0p0_mb1p0,0.0652341869208647,0.185732776242367,0.3664009788267295,0.0050645736580045
mb_only,0.0,1.0,1.0,4,PINN_rxn0p0_mb1p0,0.0191926927899148,0.0619341903018302,0.119760665050201,0.0041077155534595
mb_only,0.0,1.0,1.0,5,PINN_rxn0p0_mb1p0,0.0466308201331973,0.1379396518886885,0.2733206387106551,0.0025586650667219
mb_only,0.0,1.0,1.0,6,PINN_rxn0p0_mb1p0,0.0170750701768795,0.0758017487775852,0.1486002065388447,0.0030032910163257
mb_only,0.0,1.0,1.0,7,PINN_rxn0p0_mb1p0,0.0327656681949297,0.1159838446935035,0.2274441941185164,0.0045234952684908
mb_only,0.0,1.0,1.0,8,PINN_rxn0p0_mb1p0,0.0168474029562811,0.0609609915016654,0.1205418847725722,0.0013800982307586
mb_only,0.0,1.0,1.0,9,PINN_rxn0p0_mb1p0,0.0190216457104283,0.0793913045086234,0.1578883695155194,0.0008942395017274
mb_only,0.0,2.0,2.0,0,PINN_rxn0p0_mb2p0,0.08785898804511,0.1382052450767618,0.2725404956055479,0.0038699945479757
mb_only,0.0,2.0,2.0,1,PINN_rxn0p0_mb2p0,0.0945360244460423,0.1514259964876488,0.3017828353523406,0.0010691576229569
mb_only,0.0,2.0,2.0,2,PINN_rxn0p0_mb2p0,0.0162201438265702,0.0750846393683036,0.1481287752308503,0.002040503505757
mb_only,0.0,2.0,2.0,3,PINN_rxn0p0_mb2p0,0.0355488604847705,0.0831919794937361,0.1647348351511779,0.0016491238362943
mb_only,0.0,2.0,2.0,4,PINN_rxn0p0_mb2p0,0.070871543448207,0.0989878109693141,0.194038745689769,0.0039368762488592
mb_only,0.0,2.0,2.0,5,PINN_rxn0p0_mb2p0,0.0233450073139229,0.06160375899718,0.1183035598514209,0.004903958142939
mb_only,0.0,2.0,2.0,6,PINN_rxn0p0_mb2p0,0.0612811987759812,0.0952104199586657,0.1846362959881902,0.0057845439291413
mb_only,0.0,2.0,2.0,7,PINN_rxn0p0_mb2p0,0.1072050307655934,0.1315988219507843,0.2589215770026118,0.0042760668989566
mb_only,0.0,2.0,2.0,8,PINN_rxn0p0_mb2p0,0.0858482223564433,0.1092883876009772,0.2128635691298088,0.0057132060721457
mb_only,0.0,2.0,2.0,9,PINN_rxn0p0_mb2p0,0.0886376720304466,0.1245741074638706,0.2428214096673688,0.0063268052603725
mb_only,0.0,5.0,5.0,0,PINN_rxn0p0_mb5p0,0.1155618222618317,0.1444074562856273,0.2848964635969092,0.0039184489743453
mb_only,0.0,5.0,5.0,1,PINN_rxn0p0_mb5p0,0.0430770369662756,0.053101031261572,0.1045107719933295,0.0016912905298145
mb_only,0.0,5.0,5.0,2,PINN_rxn0p0_mb5p0,0.0931675421172567,0.2337398797468056,0.4655005664317538,0.0019791930618574
mb_only,0.0,5.0,5.0,3,PINN_rxn0p0_mb5p0,0.1157836395301279,0.1357701356180249,0.2670227527283564,0.0045175185076934
mb_only,0.0,5.0,5.0,4,PINN_rxn0p0_mb5p0,0.096196033600804,0.1644390225156302,0.3260806961817427,0.0027973488495178
mb_only,0.0,5.0,5.0,5,PINN_rxn0p0_mb5p0,0.1071491016007561,0.2553640405229826,0.5038676835053918,0.0068603975405735
mb_only,0.0,5.0,5.0,6,PINN_rxn0p0_mb5p0,0.1119068078440424,0.1809725315213542,0.3599796830443742,0.0019653799983343
mb_only,0.0,5.0,5.0,7,PINN_rxn0p0_mb5p0,0.0527686344879945,0.0876352961865622,0.1730170588932731,0.0022535334798513
mb_only,0.0,5.0,5.0,8,PINN_rxn0p0_mb5p0,0.0887626475460205,0.2014310572551824,0.399716065947941,0.0031460485624237
mb_only,0.0,5.0,5.0,9,PINN_rxn0p0_mb5p0,0.0977632082439871,0.1800272911097327,0.3557588996068481,0.0042956826126173
mb_only,0.0,10.0,10.0,0,PINN_rxn0p0_mb10p0,0.1281053378488917,0.2632761561151368,0.5237001510481024,0.0028521611821713
mb_only,0.0,10.0,10.0,1,PINN_rxn0p0_mb10p0,0.1304707341110996,0.0615941506614482,0.1208853809448186,0.0023029203780778
mb_only,0.0,10.0,10.0,2,PINN_rxn0p0_mb10p0,0.1191528262064966,0.0547796725442518,0.1046587714658873,0.0049005736226164
mb_only,0.0,10.0,10.0,3,PINN_rxn0p0_mb10p0,0.1136730803671768,0.0775244251365418,0.1527246996114931,0.0023241506615907
mb_only,0.0,10.0,10.0,4,PINN_rxn0p0_mb10p0,0.1504530427191484,0.2873358739473191,0.5729441166690994,0.0017276312255388
mb_only,0.0,10.0,10.0,5,PINN_rxn0p0_mb10p0,0.1212387880973518,0.1511881029032775,0.2996294043281494,0.0027468014784057
mb_only,0.0,10.0,10.0,6,PINN_rxn0p0_mb10p0,0.0587552261710737,0.1455229460545327,0.2886391996731081,0.0024066924359573
mb_only,0.0,10.0,10.0,7,PINN_rxn0p0_mb10p0,0.1087665207233676,0.3275769590894833,0.6528813628426993,0.0022725553362675
mb_only,0.0,10.0,10.0,8,PINN_rxn0p0_mb10p0,0.1174655696124673,0.0623299898677617,0.1213513004257316,0.0033086793097918
mb_only,0.0,10.0,10.0,9,PINN_rxn0p0_mb10p0,0.0642031627774841,0.2094174951815074,0.4162449746298983,0.0025900157331166
scale_both,0.1,0.1,1.0,3,PINN_rxn0p1_mb0p1,0.0089184030573348,0.0158214975961698,0.0182842862904488,0.0133587089018909
scale_both,0.1,0.1,1.0,4,PINN_rxn0p1_mb0p1,0.0207418408503011,0.0315654480047258,0.0497766516742067,0.0133542443352448
scale_both,0.1,0.1,1.0,5,PINN_rxn0p1_mb0p1,0.0192119812793303,0.0226599259704337,0.0267647093729158,0.0185551425679515
scale_both,0.1,0.1,1.0,6,PINN_rxn0p1_mb0p1,0.0172560592708397,0.0171057620887353,0.0237343620488527,0.010477162128618
scale_both,0.1,0.1,1.0,7,PINN_rxn0p1_mb0p1,0.0147523895371787,0.0199818414084951,0.019272047111772,0.0206916357052181
scale_both,0.1,0.1,1.0,8,PINN_rxn0p1_mb0p1,0.0106436254664876,0.0147465308638182,0.0114267242445951,0.0180663374830413
scale_both,0.1,0.1,1.0,9,PINN_rxn0p1_mb0p1,0.0115279161621125,0.0112455824057001,0.012183925045796,0.0103072397656042
scale_both,0.1,0.2,1.0,0,PINN_rxn0p1_mb0p2,0.0304303790063198,0.0562413960603023,0.1069848858541388,0.0054979062664658
scale_both,0.1,0.2,1.0,1,PINN_rxn0p1_mb0p2,0.03171394589411,0.0514296817079011,0.0966386368185233,0.0062207265972788
scale_both,0.1,0.2,1.0,2,PINN_rxn0p1_mb0p2,0.0123958748150836,0.0144486392169255,0.0193023778208495,0.0095949006130016
scale_both,0.1,0.01,1.0,0,PINN_rxn0p1_mb0p01,0.0164220409123571,0.0178446750169007,0.0209556410515319,0.0147337089822696
scale_both,0.1,0.01,1.0,1,PINN_rxn0p1_mb0p01,0.014450636076143,0.0258093903108228,0.035179122766641,0.0164396578550046
scale_both,0.1,0.01,1.0,2,PINN_rxn0p1_mb0p01,0.0109894634018282,0.0163130163428994,0.0164769789444324,0.0161490537413664
scale_both,0.1,0.5,1.0,0,PINN_rxn0p1_mb0p5,0.0525165837870675,0.0337350322339317,0.0636653745980444,0.0038046898698189
scale_both,0.1,0.5,1.0,1,PINN_rxn0p1_mb0p5,0.0204044550451344,0.0280349353946053,0.0465202985922923,0.0095495721969183
scale_both,0.1,0.5,1.0,2,PINN_rxn0p1_mb0p5,0.0229746533316158,0.0337065559545279,0.0529999329005607,0.0144131790084951
scale_both,0.2,0.5,1.0,0,PINN_rxn0p2_mb0p5,0.0394367494911111,0.0306386936761891,0.054409586982963,0.0068678003694152
scale_both,0.2,0.5,1.0,1,PINN_rxn0p2_mb0p5,0.0160224495839449,0.0106840527077204,0.0135758695753408,0.0077922358401001
scale_both,0.2,0.5,1.0,2,PINN_rxn0p2_mb0p5,0.0128454250503708,0.013304641893844,0.0176255851032819,0.0089836986844062
scale_both,0.5,0.2,1.0,0,PINN_rxn0p5_mb0p2,0.0132191107070108,0.0107858315074282,0.0054192638654931,0.0161523991493633
scale_both,0.5,0.2,1.0,1,PINN_rxn0p5_mb0p2,0.0235908391632102,0.0108764522388117,0.0149736544552923,0.0067792500223311
scale_both,0.5,0.2,1.0,2,PINN_rxn0p5_mb0p2,0.0285601481937117,0.0120245787143702,0.0201063634147427,0.0039427940139978
scale_both,0.5,0.5,1.0,0,PINN_rxn0p5_mb0p5,0.0525408343733953,0.0298047912041204,0.0497644749795545,0.0098451074286863
scale_both,0.5,0.5,1.0,1,PINN_rxn0p5_mb0p5,0.0386229959523866,0.0141211935643478,0.0210894060528176,0.0071529810758779
scale_both,0.5,0.5,1.0,2,PINN_rxn0p5_mb0p5,0.0421155033625231,0.0274688094859259,0.0388103841501117,0.01612723482174
scale_both,0.5,0.01,1.0,0,PINN_rxn0p5_mb0p01,0.0347008897492367,0.01716858663885,0.0215040877121443,0.0128330855655557
scale_both,0.5,0.01,1.0,1,PINN_rxn0p5_mb0p01,0.0064189020922529,0.0044739540909337,0.0056455549913031,0.0033023531905643
scale_both,0.5,0.01,1.0,2,PINN_rxn0p5_mb0p01,0.0148747372980054,0.017203907497861,0.0072117373055011,0.0271960776902209
scale_both,0.05,0.01,0.1,0,PINN_rxn0p05_mb0p010000000000000002,0.0070410520886941,0.0122013298780685,0.0107392446026026,0.0136634151535344
scale_both,0.05,0.01,0.1,1,PINN_rxn0p05_mb0p010000000000000002,0.0062914262309004,0.0136636282417126,0.0201835757320453,0.0071436807513798
scale_both,0.05,0.01,0.1,2,PINN_rxn0p05_mb0p010000000000000002,0.0054629286899963,0.0083609623755098,0.0100540165782535,0.0066679081727662
scale_both,0.25,0.05,0.5,0,PINN_rxn0p25_mb0p05,0.0102874260210843,0.0095297961127428,0.0150242824789149,0.0040353097465708
scale_both,0.25,0.05,0.5,1,PINN_rxn0p25_mb0p05,0.0229095578889395,0.0257033078417501,0.0173630268163559,0.0340435888671442
scale_both,0.25,0.05,0.5,2,PINN_rxn0p25_mb0p05,0.0087640775338872,0.0140029429230997,0.0139771802012745,0.0140287056449249
scale_both,0.5,0.1,1.0,0,PINN_rxn0p5_mb0p1,0.0166133008259595,0.0218628190525184,0.0109802151462182,0.0327454229588186
scale_both,0.5,0.1,1.0,1,PINN_rxn0p5_mb0p1,0.0172865581420954,0.0206084302423178,0.013155380198029,0.0280614802866066
scale_both,0.5,0.1,1.0,2,PINN_rxn0p5_mb0p1,0.013598053349848,0.0157037279253278,0.0122405875116372,0.0191668683390184
scale_both,1.0,0.2,2.0,0,PINN_rxn1p0_mb0p2,0.0638649072704241,0.0230691995826993,0.0314595521965665,0.0146788469688322
scale_both,1.0,0.2,2.0,1,PINN_rxn1p0_mb0p2,0.0368528314293553,0.0112069939977938,0.0142403184905266,0.008173669505061
scale_both,1.0,0.2,2.0,2,PINN_rxn1p0_mb0p2,0.0243520489664958,0.0140173781068743,0.0098267952648274,0.0182079609489212
scale_both,2.5,0.5,5.0,0,PINN_rxn2p5_mb0p5,0.0734833003365379,0.0057989542073843,0.0072109272724864,0.0043869811422822
scale_both,2.5,0.5,5.0,1,PINN_rxn2p5_mb0p5,0.0777313176148715,0.0147386919945325,0.020124592957131,0.0093527910319339
scale_both,2.5,0.5,5.0,2,PINN_rxn2p5_mb0p5,0.0423854593651804,0.0092365305660501,0.0099253593198805,0.0085477018122197
scale_both,0.02,0.01,0.1,0,PINN_rxn0p020000000000000004_mb0p010000000000000002,0.0087691599529889,0.0231093786181309,0.0319922579697575,0.0142264992665044
scale_both,0.02,0.01,0.1,1,PINN_rxn0p020000000000000004_mb0p010000000000000002,0.0033776703735849,0.0095021654609133,0.0155432504355079,0.0034610804863187
scale_both,0.02,0.01,0.1,2,PINN_rxn0p020000000000000004_mb0p010000000000000002,0.0127918460822051,0.0391971296204843,0.0680149606816398,0.0103792985593287
scale_both,0.1,0.05,0.5,0,PINN_rxn0p1_mb0p05,0.0081841476947559,0.0107616573770893,0.0154925408245975,0.0060307739295811
scale_both,0.1,0.05,0.5,1,PINN_rxn0p1_mb0p05,0.0137004222773811,0.0140320422306651,0.0193768635801113,0.0086872208812189
scale_both,0.1,0.05,0.5,2,PINN_rxn0p1_mb0p05,0.010893181547585,0.0106653815649696,0.0095935913851912,0.011737171744748
scale_both,0.2,0.1,1.0,0,PINN_rxn0p2_mb0p1,0.0087516793078204,0.0089727079612934,0.008105243555832,0.0098401723667549
scale_both,0.2,0.1,1.0,1,PINN_rxn0p2_mb0p1,0.0171184135420447,0.0216586794135715,0.0165652644535181,0.0267520943736249
scale_both,0.2,0.1,1.0,2,PINN_rxn0p2_mb0p1,0.0084061105746211,0.0081380229539675,0.0094283692711163,0.0068476766368186
scale_both,0.4,0.2,2.0,0,PINN_rxn0p4_mb0p2,0.0179252571283366,0.0193988771874681,0.0135224273978371,0.0252753269770991
scale_both,0.4,0.2,2.0,1,PINN_rxn0p4_mb0p2,0.0114672994145243,0.0071706288674774,0.0065115145128966,0.0078297432220583
scale_both,0.4,0.2,2.0,2,PINN_rxn0p4_mb0p2,0.0200302039058275,0.0106488887504453,0.009637564897011,0.0116602126038797
scale_both,1.0,0.5,5.0,0,PINN_rxn1p0_mb0p5,0.0216596154583944,0.012078394332279,0.0143590141933844,0.0097977744711736
scale_both,1.0,0.5,5.0,1,PINN_rxn1p0_mb0p5,0.0211616918155901,0.0126541662773934,0.0140783889895283,0.0112299435652585
scale_both,1.0,0.5,5.0,2,PINN_rxn1p0_mb0p5,0.0247982886174288,0.014308763080047,0.0192156724677596,0.0094018536923344
scale_both,0.02,0.02,0.1,0,PINN_rxn0p020000000000000004_mb0p020000000000000004,0.014586987984187,0.051315300209146,0.0915363535670017,0.0110942468512903
scale_both,0.02,0.02,0.1,1,PINN_rxn0p020000000000000004_mb0p020000000000000004,0.0123287415857894,0.0372827501623766,0.0563331900305868,0.0182323102941665
scale_both,0.02,0.02,0.1,2,PINN_rxn0p020000000000000004_mb0p020000000000000004,0.0153428898780298,0.0446898073037279,0.0785708535436599,0.0108087610637959
scale_both,0.020000000000000004,0.020000000000000004,0.1,0,PINN_rxn0p020000000000000004_mb0p020000000000000004,0.01458698798418704,0.05131530020914604,0.09153635356700171,0.011094246851290372
scale_both,0.020000000000000004,0.020000000000000004,0.1,1,PINN_rxn0p020000000000000004_mb0p020000000000000004,0.012328741585789454,0.03728275016237666,0.0563331900305868,0.0182323102941665
scale_both,0.020000000000000004,0.020000000000000004,0.1,2,PINN_rxn0p020000000000000004_mb0p020000000000000004,0.015342889878029857,0.04468980730372796,0.07857085354365997,0.010808761063795951
scale_both,0.1,0.1,0.5,0,PINN_rxn0p1_mb0p1,0.008261124309658259,0.00805305772795541,0.009264204745568848,0.00684191071034197
scale_both,0.1,0.1,0.5,1,PINN_rxn0p1_mb0p1,0.010182096106250546,0.0148539808675726,0.016594032255290544,0.013113929479854652
scale_both,0.1,0.1,0.5,2,PINN_rxn0p1_mb0p1,0.009992260695730396,0.008343392154756359,0.011790308033559072,0.004896476275953647
scale_both,0.2,0.2,1.0,0,PINN_rxn0p2_mb0p2,0.015354409084749476,0.0185579373201784,0.016275748623538012,0.020840126016818783
scale_both,0.2,0.2,1.0,1,PINN_rxn0p2_mb0p2,0.022118950354948617,0.025184891279934604,0.026299828294442586,0.02406995426542662
scale_both,0.2,0.2,1.0,2,PINN_rxn0p2_mb0p2,0.025844860777854136,0.020796189299855092,0.034845664056756535,0.006746714542953652
scale_both,0.4,0.4,2.0,0,PINN_rxn0p4_mb0p4,0.04881596871863301,0.017793259823144898,0.022067613481272372,0.01351890616501742
scale_both,0.4,0.4,2.0,1,PINN_rxn0p4_mb0p4,0.027679626343109043,0.021518327141430725,0.024881273789162467,0.018155380493698987
scale_both,0.4,0.4,2.0,2,PINN_rxn0p4_mb0p4,0.04928973332477501,0.03153645677599125,0.056757047088582195,0.006315866463400297
scale_both,1.0,1.0,5.0,0,PINN_rxn1p0_mb1p0,0.07310740090245996,0.013797085015755056,0.02203842377180562,0.005555746259704493
scale_both,1.0,1.0,5.0,1,PINN_rxn1p0_mb1p0,0.08400186571542942,0.007684786990254575,0.011822270016243495,0.003547303964265656
scale_both,1.0,1.0,5.0,2,PINN_rxn1p0_mb1p0,0.018021635316186127,0.010322803969747702,0.014486789949193673,0.006158817990301732
