batch_idx,batch_size,batch_MSE_total,batch_RMSE_total,batch_MSE_inner,batch_RMSE_inner
1,14,2.693483697712498e-06,0.0016411836270547235,8.080451093137494e-06,0.002842613426608953
-1,14,2.693483697712498e-06,0.002192991842016434,8.080451093137494e-06,0.003798373290956524
1,14,1.8909727144535344e-05,0.0043485316078574554,5.246109251809657e-05,0.007243003004147973
-1,14,1.8909727144535344e-05,0.003597974265577025,5.246109251809657e-05,0.005825057265016237
1,14,2.0166154226856415e-06,0.0014200758510324867,5.204548607350257e-06,0.0022813479803287916
-1,14,2.0166154226856415e-06,0.001931921847338651,5.204548607350257e-06,0.003139185483552528
1,14,8.37069808600245e-06,0.0028932158726929537,8.37069808600245e-06,0.0028932158726929537
-1,14,8.37069808600245e-06,0.0026175729465057196,8.37069808600245e-06,0.0026175729465057196
1,14,6.08737874180744e-05,0.007802165559514512,6.08737874180744e-05,0.007802165559514512
-1,14,6.08737874180744e-05,0.007378336703372421,6.08737874180744e-05,0.007378336703372421
1,14,2.1360518142811163e-05,0.004621744058557458,2.1360518142811163e-05,0.004621744058557458
-1,14,2.1360518142811163e-05,0.004564633924094451,2.1360518142811163e-05,0.004564633924094451
1,14,4.3897617679872883e-05,0.006625527728405706,4.3897617679872883e-05,0.006625527728405706
-1,14,4.3897617679872883e-05,0.005455740732804021,4.3897617679872883e-05,0.005455740732804021
1,14,1.0638997710107658e-05,0.0032617476466010762,1.0638997710107658e-05,0.0032617476466010762
-1,14,1.0638997710107658e-05,0.0031741940383842727,1.0638997710107658e-05,0.0031741940383842727
1,14,4.189389773825129e-06,0.0020467998861210465,4.189389773825129e-06,0.0020467998861210465
-1,14,4.189389773825129e-06,0.0032597788997311187,4.189389773825129e-06,0.0032597788997311187
1,14,9.690605664855961e-06,0.003112973765526456,9.690605664855961e-06,0.003112973765526456
-1,14,9.690605664855961e-06,0.002842692163126249,9.690605664855961e-06,0.002842692163126249
1,14,9.11247439634488e-06,0.0030186875287688984,9.11247439634488e-06,0.0030186875287688984
-1,14,9.11247439634488e-06,0.002774579139930417,9.11247439634488e-06,0.002774579139930417
1,14,5.947060700325077e-06,0.0024386596114105547,5.947060700325077e-06,0.0024386596114105547
-1,14,5.947060700325077e-06,0.0031614865250585373,5.947060700325077e-06,0.0031614865250585373
1,14,1.8376860412916443e-05,0.004286824047347458,1.8376860412916443e-05,0.004286824047347458
-1,14,1.8376860412916443e-05,0.003641394850176749,1.8376860412916443e-05,0.003641394850176749
1,14,1.4968847537994266e-05,0.0038689594903532224,1.4968847537994266e-05,0.0038689594903532224
-1,14,1.4968847537994266e-05,0.0033741963942684663,1.4968847537994266e-05,0.0033741963942684663
1,14,3.120670797701668e-05,0.005586296445500962,3.120670797701668e-05,0.005586296445500962
-1,14,3.120670797701668e-05,0.005042883009520591,3.120670797701668e-05,0.005042883009520591
1,14,5.561010839243912e-06,0.0023581795604329862,5.561010839243912e-06,0.0023581795604329862
-1,14,5.561010839243912e-06,0.0022958049155613535,5.561010839243912e-06,0.0022958049155613535
1,14,2.057757729079012e-06,0.0014344886646742846,2.057757729079012e-06,0.0014344886646742846
-1,14,2.057757729079012e-06,0.0020203264040319175,2.057757729079012e-06,0.0020203264040319175
1,14,2.1355580300898045e-06,0.0014613548611099921,2.1355580300898045e-06,0.0014613548611099921
-1,14,2.1355580300898045e-06,0.00138158677485341,2.1355580300898045e-06,0.00138158677485341
1,14,2.6594570328001273e-06,0.0016307841772595561,2.6594570328001273e-06,0.0016307841772595561
-1,14,2.6594570328001273e-06,0.0016088624154946194,2.6594570328001273e-06,0.0016088624154946194
1,14,2.0655792399038534e-05,0.00454486439831141,2.0655792399038534e-05,0.00454486439831141
-1,14,2.0655792399038534e-05,0.0038458417628715745,2.0655792399038534e-05,0.0038458417628715745
1,14,1.8119812089224006e-05,0.004256737258655273,1.8119812089224006e-05,0.004256737258655273
-1,14,1.8119812089224006e-05,0.004709999731019828,1.8119812089224006e-05,0.004709999731019828
1,14,1.2743783981600772e-06,0.0011288836955860764,1.2743783981600772e-06,0.0011288836955860764
-1,14,1.2743783981600772e-06,0.001097951628743393,1.2743783981600772e-06,0.001097951628743393
1,14,2.371776581781503e-06,0.0015400573306800962,2.371776581781503e-06,0.0015400573306800962
-1,14,2.371776581781503e-06,0.0014158432183839372,2.371776581781503e-06,0.0014158432183839372
1,14,2.9165022362474336e-05,0.005400465013540439,2.9165022362474336e-05,0.005400465013540439
-1,14,2.9165022362474336e-05,0.005537593701295381,2.9165022362474336e-05,0.005537593701295381
1,14,1.3088547907773499e-05,0.003617809821946629,1.3088547907773499e-05,0.003617809821946629
-1,14,1.3088547907773499e-05,0.004710343206769364,1.3088547907773499e-05,0.004710343206769364
1,14,1.1876019285935078e-06,0.0010897715029277962,1.1876019285935078e-06,0.0010897715029277962
-1,14,1.1876019285935078e-06,0.0011543268717238238,1.1876019285935078e-06,0.0011543268717238238
1,14,2.5547583290437356e-07,0.0005054461721136817,2.5547583290437356e-07,0.0005054461721136817
-1,14,2.5547583290437356e-07,0.000599626328940193,2.5547583290437356e-07,0.000599626328940193
1,14,2.6807500868653016e-06,0.0016372996325857102,2.6807500868653016e-06,0.0016372996325857102
-1,14,2.6807500868653016e-06,0.0022566585243995927,2.6807500868653016e-06,0.0022566585243995927
1,14,9.341622981952003e-06,0.0030564068744118483,9.341622981952003e-06,0.0030564068744118483
-1,14,9.341622981952003e-06,0.0026479425204100964,9.341622981952003e-06,0.0026479425204100964
1,14,1.148972538413387e-05,0.0033896497435773314,1.148972538413387e-05,0.0033896497435773314
-1,14,1.148972538413387e-05,0.003143791093733191,1.148972538413387e-05,0.003143791093733191
1,14,6.3089330639302065e-06,0.0025117589581666083,6.3089330639302065e-06,0.0025117589581666083
-1,14,6.3089330639302065e-06,0.0020789928427691283,6.3089330639302065e-06,0.0020789928427691283
1,14,1.875043659398072e-06,0.001369322335828227,1.875043659398072e-06,0.001369322335828227
-1,14,1.875043659398072e-06,0.0018660958924907464,1.875043659398072e-06,0.0018660958924907464
1,14,5.186859879764508e-07,0.0007201985753779653,5.186859879764508e-07,0.0007201985753779653
-1,14,5.186859879764508e-07,0.0009067192747877834,5.186859879764508e-07,0.0009067192747877834
1,14,1.2010956937425066e-05,0.003465682751987704,1.2010956937425066e-05,0.003465682751987704
-1,14,1.2010956937425066e-05,0.003829013953601755,1.2010956937425066e-05,0.003829013953601755
1,14,1.8706024621907583e-06,0.0013676996973717432,1.8706024621907583e-06,0.0013676996973717432
-1,14,1.8706024621907583e-06,0.0011320989170826795,1.8706024621907583e-06,0.0011320989170826795
1,14,6.004599013243717e-06,0.0024504283326071213,6.004599013243717e-06,0.0024504283326071213
-1,14,6.004599013243717e-06,0.003002540014869,6.004599013243717e-06,0.003002540014869
1,14,2.356113645322373e-06,0.0015349637276894765,2.356113645322373e-06,0.0015349637276894765
-1,14,2.356113645322373e-06,0.0020886371391922033,2.356113645322373e-06,0.0020886371391922033
1,14,4.59620250163428e-06,0.0021438755797933517,4.59620250163428e-06,0.0021438755797933517
-1,14,4.59620250163428e-06,0.0019043260884952593,4.59620250163428e-06,0.0019043260884952593
1,14,5.720041153928307e-06,0.002391660752265736,5.720041153928307e-06,0.002391660752265736
-1,14,5.720041153928307e-06,0.0019294108487771533,5.720041153928307e-06,0.0019294108487771533
1,14,2.4062887777926716e-06,0.0015512217049128314,2.4062887777926716e-06,0.0015512217049128314
-1,14,2.4062887777926716e-06,0.0016641230634090098,2.4062887777926716e-06,0.0016641230634090098
